gene_id	SA0m	SAM0m	SA30m	SAM30m
gene-KQ76_RS00005	11464	995	9885	319
gene-KQ76_RS00010	8907	4205	8252	1636
gene-KQ76_RS00015	638	6268	552	5450
gene-KQ76_RS00020	4698	12583	4682	4845
gene-KQ76_RS00025	7902	5271	9312	1814
gene-KQ76_RS00030	15694	2898	22804	810
gene-KQ76_RS00035	443	5404	611	1337
gene-KQ76_RS00040	2645	65	2644	64
gene-KQ76_RS00045	18483	1376	29683	395
gene-KQ76_RS00050	87	128	166	116
gene-KQ76_RS00055	148	19	253	6
gene-KQ76_RS00060	1243	166	1597	81
gene-KQ76_RS00065	1795	1259	2471	440
gene-KQ76_RS00070	9919	1693	13600	528
gene-KQ76_RS00075	3342	772	4292	271
gene-KQ76_RS00080	7113	1100	10314	417
gene-KQ76_RS00085	12601	11033	12233	4093
gene-KQ76_RS00090	3	4	0	4
gene-KQ76_RS00095	0	1	0	0
gene-KQ76_RS00100	1094	1195	1579	479
gene-KQ76_RS00105	6099	703	8101	244
gene-KQ76_RS00110	5701	232	6623	122
gene-KQ76_RS00115	3030	223	3451	61
gene-KQ76_RS00120	379	467	573	152
gene-KQ76_RS00125	1115	512	948	415
gene-KQ76_RS00130	1131	726	1594	529
gene-KQ76_RS00135	505	51	423	19
gene-KQ76_RS00145	1243	52	969	8
gene-KQ76_RS00150	358	7	303	2
gene-KQ76_RS00155	6	5	12	8
gene-KQ76_RS00160	55	5	82	2
gene-KQ76_RS00165	58	7	45	2
gene-KQ76_RS00170	9	7	6	0
gene-KQ76_RS00175	36	62	34	23
gene-KQ76_RS00180	3438	9235	4355	5239
gene-KQ76_RS00185	85	40	120	14
gene-KQ76_RS00190	299	183	401	76
gene-KQ76_RS00195	10	37	5	14
gene-KQ76_RS00200	66	163	65	92
gene-KQ76_RS00205	462	430	685	147
gene-KQ76_RS00210	298	34	324	17
gene-KQ76_RS00215	403	62	440	34
gene-KQ76_RS00220	0	0	0	0
gene-KQ76_RS00225	13	7	19	2
gene-KQ76_RS00230	26	9	23	0
gene-KQ76_RS00235	2890	463	3752	153
gene-KQ76_RS00240	846	202	905	61
gene-KQ76_RS00245	6	47	18	95
gene-KQ76_RS00250	311	90	527	35
gene-KQ76_RS00255	951	151	1540	60
gene-KQ76_RS00260	246	1259	516	762
gene-KQ76_RS00265	300	569	532	360
gene-KQ76_RS00270	503	772	461	252
gene-KQ76_RS00275	83	230	134	156
gene-KQ76_RS00280	4	4	11	1
gene-KQ76_RS00285	1480	193	2012	90
gene-KQ76_RS00290	110309	85367	208729	29311
gene-KQ76_RS00295	838	394	1044	66
gene-KQ76_RS00300	66	5	66	3
gene-KQ76_RS00305	89	3	68	2
gene-KQ76_RS00310	142	10	80	3
gene-KQ76_RS00315	7	0	4	0
gene-KQ76_RS00320	25	11	12	7
gene-KQ76_RS00325	57	14	46	5
gene-KQ76_RS00330	26	10	42	3
gene-KQ76_RS00335	63	59	92	10
gene-KQ76_RS00340	162	46	243	19
gene-KQ76_RS00345	50	12	59	8
gene-KQ76_RS00350	109	25	171	14
gene-KQ76_RS00355	153	19	204	21
gene-KQ76_RS00365	246	52	220	7
gene-KQ76_RS00370	13197	203368	23610	106527
gene-KQ76_RS00375	0	2	0	1
gene-KQ76_RS00380	2	41	12	24
gene-KQ76_RS00385	5	1	2	3
gene-KQ76_RS00390	1	5	4	3
gene-KQ76_RS00395	1	0	1	0
gene-KQ76_RS00400	106	19	106	15
gene-KQ76_RS00405	479	4837	661	3224
gene-KQ76_RS00410	1121	539	1805	405
gene-KQ76_RS00415	626	125	794	52
gene-KQ76_RS00425	247	562	228	148
gene-KQ76_RS00430	350	222	267	39
gene-KQ76_RS00435	1805	929	2835	359
gene-KQ76_RS00440	19685	4917	36184	2465
gene-KQ76_RS00445	44	29	58	26
gene-KQ76_RS00450	18	14	44	8
gene-KQ76_RS00455	17	5	36	1
gene-KQ76_RS00460	67	17	68	7
gene-KQ76_RS00465	25	18	19	10
gene-KQ76_RS00470	968	350	1578	142
gene-KQ76_RS00475	23	34	17	22
gene-KQ76_RS00480	202	83	300	33
gene-KQ76_RS00485	840	108	1621	58
gene-KQ76_RS00490	12	69	8	19
gene-KQ76_RS00495	18	35	22	9
gene-KQ76_RS00500	19	7	31	5
gene-KQ76_RS00505	50	17	57	2
gene-KQ76_RS00510	37	7	38	9
gene-KQ76_RS00515	103	58	103	33
gene-KQ76_RS00520	60	25	87	16
gene-KQ76_RS00525	34	6	32	0
gene-KQ76_RS00530	29	2	38	0
gene-KQ76_RS00535	13	1	24	0
gene-KQ76_RS00540	34	10	51	2
gene-KQ76_RS00545	141	72	173	19
gene-KQ76_RS00550	54	42	100	12
gene-KQ76_RS00555	157	108	276	48
gene-KQ76_RS00560	350	204	449	69
gene-KQ76_RS00565	425	448	660	219
gene-KQ76_RS00570	53	159	47	77
gene-KQ76_RS00575	55	1	36	0
gene-KQ76_RS00580	9193	1606	13689	330
gene-KQ76_RS00585	262	316	310	180
gene-KQ76_RS00590	0	0	0	0
gene-KQ76_RS00595	158	296	306	232
gene-KQ76_RS00600	19	3	40	5
gene-KQ76_RS00605	25	5	51	6
gene-KQ76_RS00610	23	7	42	8
gene-KQ76_RS00615	29	4	53	7
gene-KQ76_RS00620	877	2441	1110	1164
gene-KQ76_RS00625	129	175	168	110
gene-KQ76_RS00630	483	1416	563	725
gene-KQ76_RS00635	4204	2254	4836	847
gene-KQ76_RS00640	301	227	345	75
gene-KQ76_RS00645	6607	1022	12441	367
gene-KQ76_RS00650	52	42	53	20
gene-KQ76_RS00655	48	24	28	2
gene-KQ76_RS00660	30	58	38	27
gene-KQ76_RS00665	28	99	34	78
gene-KQ76_RS00670	4585	184	6815	80
gene-KQ76_RS00675	7104	1041	6938	412
gene-KQ76_RS00680	24850	2736	26812	1046
gene-KQ76_RS00685	15901	374	15882	164
gene-KQ76_RS00690	2835	105	2870	14
gene-KQ76_RS00695	1199	23	1012	5
gene-KQ76_RS00700	1903	71	1765	20
gene-KQ76_RS00705	1090	45	863	25
gene-KQ76_RS00710	36	41	36	45
gene-KQ76_RS00715	2179	177	2636	100
gene-KQ76_RS00720	4149	2048	4092	816
gene-KQ76_RS00725	274	171	447	112
gene-KQ76_RS00730	18	6	30	1
gene-KQ76_RS00735	18	4	41	0
gene-KQ76_RS00740	62	10	94	2
gene-KQ76_RS00745	116	99	168	53
gene-KQ76_RS00750	19	139	19	77
gene-KQ76_RS00755	92	4904	111	2521
gene-KQ76_RS00760	28	2	104	0
gene-KQ76_RS00765	931	10	2467	4
gene-KQ76_RS00770	2594	29	6797	20
gene-KQ76_RS00775	1760	21	3827	5
gene-KQ76_RS00780	1776	35	3845	14
gene-KQ76_RS00785	1441	79	2948	34
gene-KQ76_RS00790	3125	436	6324	212
gene-KQ76_RS00795	52	20	53	8
gene-KQ76_RS00800	3572	1043	7007	183
gene-KQ76_RS00805	390	24	584	5
gene-KQ76_RS00810	391	15	508	5
gene-KQ76_RS00815	256	15	469	5
gene-KQ76_RS00820	118869	14738	172072	4962
gene-KQ76_RS00825	44843	4878	69187	1904
gene-KQ76_RS00835	233	53	226	25
gene-KQ76_RS00840	583	916	364	845
gene-KQ76_RS00845	359	629	351	215
gene-KQ76_RS00850	25	8	6	6
gene-KQ76_RS00860	1879	797	1561	335
gene-KQ76_RS00865	3288	723	2439	297
gene-KQ76_RS00870	2777	290	2466	150
gene-KQ76_RS00875	4164	338	3307	146
gene-KQ76_RS00880	5692	1692	4931	445
gene-KQ76_RS00885	8	18	16	12
gene-KQ76_RS00890	197	103	330	44
gene-KQ76_RS00895	249	110	264	47
gene-KQ76_RS00900	117	207	112	64
gene-KQ76_RS00905	1559	2711	693	572
gene-KQ76_RS00910	22799	42820	14903	11785
gene-KQ76_RS00915	1	1	2	0
gene-KQ76_RS00920	194671	740	278414	365
gene-KQ76_RS00930	313	961	629	576
gene-KQ76_RS00935	245	39	304	19
gene-KQ76_RS00940	0	0	0	0
gene-KQ76_RS00945	140	42	215	10
gene-KQ76_RS00950	24	14	35	1
gene-KQ76_RS00955	23	10	37	1
gene-KQ76_RS00960	122	65	256	20
gene-KQ76_RS00965	165	197	230	78
gene-KQ76_RS00970	4	1	5	0
gene-KQ76_RS00975	201	210	249	115
gene-KQ76_RS00980	3112	840	4654	216
gene-KQ76_RS00985	3069	334	3967	144
gene-KQ76_RS00990	5986	235	7237	51
gene-KQ76_RS01000	753	87	838	30
gene-KQ76_RS01005	2518	457	3582	187
gene-KQ76_RS01010	6120	614	8203	316
gene-KQ76_RS01015	11440	1109	14530	365
gene-KQ76_RS01020	13901	1623	17139	610
gene-KQ76_RS01025	4292	8115	4049	4777
gene-KQ76_RS01030	1064	556	1942	178
gene-KQ76_RS01035	126	14	120	12
gene-KQ76_RS01040	1353	2346	2852	904
gene-KQ76_RS01045	13585	10915	13382	5118
gene-KQ76_RS01050	202	193	206	78
gene-KQ76_RS01055	497	802	684	123
gene-KQ76_RS01060	312	411	458	295
gene-KQ76_RS01065	963	221	1246	177
gene-KQ76_RS01075	77	0	73	0
gene-KQ76_RS01080	5	1	24	0
gene-KQ76_RS01085	1138	110	2286	51
gene-KQ76_RS01090	401	124	816	44
gene-KQ76_RS01095	1694	798	3769	504
gene-KQ76_RS01100	936	363	1552	114
gene-KQ76_RS01110	530	1498	467	488
gene-KQ76_RS01115	177	37	152	36
gene-KQ76_RS01120	384	352	428	223
gene-KQ76_RS01125	579	875	649	362
gene-KQ76_RS01130	603	22	540	11
gene-KQ76_RS01135	410	11	305	1
gene-KQ76_RS01140	170	5	160	3
gene-KQ76_RS01145	2373	35	2001	19
gene-KQ76_RS01150	2725	94	5073	27
gene-KQ76_RS01155	11792	32398	8466	14413
gene-KQ76_RS01160	3907	119	3309	30
gene-KQ76_RS01165	373	17	264	9
gene-KQ76_RS01170	76	2	40	0
gene-KQ76_RS01175	511	2	420	2
gene-KQ76_RS01180	6149	192	5957	85
gene-KQ76_RS01185	338	66	333	8
gene-KQ76_RS01190	78	8	63	0
gene-KQ76_RS01195	2274	629	2374	182
gene-KQ76_RS01200	692	378	774	93
gene-KQ76_RS01205	875	283	902	111
gene-KQ76_RS01210	1141	349	1103	131
gene-KQ76_RS01215	1347	449	1579	170
gene-KQ76_RS01220	1219	539	1252	174
gene-KQ76_RS01225	26	39	30	13
gene-KQ76_RS01230	21	16	17	2
gene-KQ76_RS01235	70	83	61	25
gene-KQ76_RS01240	35	103	57	44
gene-KQ76_RS01245	5	22	10	0
gene-KQ76_RS01250	123	143	133	66
gene-KQ76_RS01255	122	239	158	87
gene-KQ76_RS01260	5	7	12	3
gene-KQ76_RS01265	11	3	13	4
gene-KQ76_RS01275	151	12	162	7
gene-KQ76_RS01280	2694	292	4119	83
gene-KQ76_RS01285	1362	158	1775	13
gene-KQ76_RS01290	852	2335	1117	751
gene-KQ76_RS01295	2583	15721	6740	8837
gene-KQ76_RS01305	314	91	289	22
gene-KQ76_RS01310	481	111	413	43
gene-KQ76_RS01315	1139	4129	1080	2141
gene-KQ76_RS01320	737	67	721	33
gene-KQ76_RS01325	506	63	423	24
gene-KQ76_RS01330	628	142	547	63
gene-KQ76_RS01335	1293	20	1815	11
gene-KQ76_RS01340	545	50	1013	21
gene-KQ76_RS01345	213	39	291	9
gene-KQ76_RS01350	646	10475	986	5568
gene-KQ76_RS01355	435	2313	430	1014
gene-KQ76_RS01360	1840	45	934	16
gene-KQ76_RS01365	1362	1711	2247	804
gene-KQ76_RS01370	742	1695	1045	498
gene-KQ76_RS01375	308	46	584	16
gene-KQ76_RS01380	4	0	2	0
gene-KQ76_RS01385	405	137	340	40
gene-KQ76_RS01390	39	20	29	7
gene-KQ76_RS01395	225	22	198	20
gene-KQ76_RS01400	131	5	112	1
gene-KQ76_RS01405	208	23	168	5
gene-KQ76_RS01410	1004	3154	1137	1106
gene-KQ76_RS01415	2010	398	6451	190
gene-KQ76_RS01420	153	18	582	15
gene-KQ76_RS01425	383	43	1268	16
gene-KQ76_RS01430	2826	158	10687	62
gene-KQ76_RS01435	451	2354	710	1728
gene-KQ76_RS01440	156	106	230	46
gene-KQ76_RS01445	32	28	59	13
gene-KQ76_RS01450	2640	153	3800	101
gene-KQ76_RS01455	610	1894	636	530
gene-KQ76_RS01460	990	1534	965	572
gene-KQ76_RS01465	532	574	392	242
gene-KQ76_RS01470	286	291	324	226
gene-KQ76_RS01480	332	381	496	203
gene-KQ76_RS01485	17	124	26	88
gene-KQ76_RS01490	83	81	118	45
gene-KQ76_RS01495	196	156	201	77
gene-KQ76_RS01500	49	31	87	36
gene-KQ76_RS01505	17	94	19	48
gene-KQ76_RS01510	43	984	77	493
gene-KQ76_RS01515	58	78	30	38
gene-KQ76_RS01520	564	370	634	171
gene-KQ76_RS01525	634	314	673	117
gene-KQ76_RS01530	1326	630	1595	370
gene-KQ76_RS01535	76	18	73	28
gene-KQ76_RS01545	4534	6232	6371	2076
gene-KQ76_RS01550	716	1260	923	746
gene-KQ76_RS01555	559	424	852	155
gene-KQ76_RS01560	395	104	722	32
gene-KQ76_RS01565	235	5	552	0
gene-KQ76_RS01570	202	9	721	3
gene-KQ76_RS01575	145	148	157	69
gene-KQ76_RS01580	371	460	383	151
gene-KQ76_RS01585	94	73	62	36
gene-KQ76_RS01590	2767	1346	3666	449
gene-KQ76_RS01595	6	11	3	16
gene-KQ76_RS01600	6322	10413	11254	6218
gene-KQ76_RS01605	12844	21537	20350	10649
gene-KQ76_RS01610	3612	5322	2514	1936
gene-KQ76_RS01615	37	5	42	0
gene-KQ76_RS01620	1181	45	1709	7
gene-KQ76_RS01625	215	264	176	21
gene-KQ76_RS01630	2	16	0	19
gene-KQ76_RS01635	5	32	4	36
gene-KQ76_RS01640	3	0	0	1
gene-KQ76_RS01645	0	0	0	0
gene-KQ76_RS01650	0	1	0	0
gene-KQ76_RS01655	10	9	20	3
gene-KQ76_RS01660	48	36	77	12
gene-KQ76_RS01665	5	23	8	8
gene-KQ76_RS01670	51	73	32	25
gene-KQ76_RS01675	68	533	86	213
gene-KQ76_RS01680	14	87	7	25
gene-KQ76_RS01685	0	0	0	0
gene-KQ76_RS01690	0	0	0	0
gene-KQ76_RS01700	0	0	0	0
gene-KQ76_RS01705	0	0	0	0
gene-KQ76_RS01715	141	464	203	170
gene-KQ76_RS01725	14	4	23	5
gene-KQ76_RS01735	6	37	2	41
gene-KQ76_RS01740	86	153	86	108
gene-KQ76_RS01745	1199	15964	1454	7547
gene-KQ76_RS01750	7	87	15	74
gene-KQ76_RS01755	0	0	1	4
gene-KQ76_RS01760	113	14	164	4
gene-KQ76_RS01765	577	291	556	283
gene-KQ76_RS01770	1002	206	1112	63
gene-KQ76_RS01780	38888	218550	92596	115289
gene-KQ76_RS01785	16511	153708	34812	79477
gene-KQ76_RS01790	1850	3309	1978	1084
gene-KQ76_RS01795	2770	4070	5754	2405
gene-KQ76_RS01800	2	0	1	0
gene-KQ76_RS01805	4564	226	7358	75
gene-KQ76_RS01810	2171	4507	2797	2405
gene-KQ76_RS01815	4970	13796	5110	7695
gene-KQ76_RS01820	563	40	562	15
gene-KQ76_RS01825	3468	127	3370	85
gene-KQ76_RS01830	16230	1413	24361	609
gene-KQ76_RS01835	25030	2166	43027	815
gene-KQ76_RS01840	31	23	33	8
gene-KQ76_RS01855	7	5	5	18
gene-KQ76_RS01860	29	71	15	131
gene-KQ76_RS01865	1429	2943	1284	1198
gene-KQ76_RS01870	1818	6755	2132	2534
gene-KQ76_RS01875	73	1191	77	430
gene-KQ76_RS01880	46	484	41	261
gene-KQ76_RS01885	40	494	40	421
gene-KQ76_RS01890	51	318	43	322
gene-KQ76_RS01895	20	167	13	130
gene-KQ76_RS01905	32	504	30	178
gene-KQ76_RS01910	34	392	42	135
gene-KQ76_RS01915	15	70	15	26
gene-KQ76_RS01925	1543	74	2599	24
gene-KQ76_RS01930	1116	131	1132	35
gene-KQ76_RS01935	146	59	279	31
gene-KQ76_RS01940	616	386	1301	135
gene-KQ76_RS01945	1233	45576	1702	28103
gene-KQ76_RS01950	9	0	6	0
gene-KQ76_RS01955	49	3	63	1
gene-KQ76_RS01960	83	4	64	1
gene-KQ76_RS01965	49	6	36	4
gene-KQ76_RS01970	83	13	57	3
gene-KQ76_RS01975	117	49	105	14
gene-KQ76_RS01980	830	463	764	105
gene-KQ76_RS01985	2123	638	2156	251
gene-KQ76_RS01990	92	8	54	4
gene-KQ76_RS01995	117	2	83	3
gene-KQ76_RS02000	1359	371	1510	211
gene-KQ76_RS02005	23	8	33	2
gene-KQ76_RS02015	2283	247	2631	130
gene-KQ76_RS02020	21888	2760	21794	1127
gene-KQ76_RS02025	5584	1309	4950	472
gene-KQ76_RS02035	469	92	748	38
gene-KQ76_RS02040	983	194	1236	108
gene-KQ76_RS02045	3	1	6	0
gene-KQ76_RS02050	103	181	125	74
gene-KQ76_RS02055	61	27	86	20
gene-KQ76_RS02060	639	65	746	32
gene-KQ76_RS02065	227	313	1063	152
gene-KQ76_RS02070	123	153	359	104
gene-KQ76_RS02075	591	632	1102	321
gene-KQ76_RS02080	4076	19505	5787	4687
gene-KQ76_RS02085	478	2132	645	1113
gene-KQ76_RS02090	167	144	245	82
gene-KQ76_RS02095	516	260	676	131
gene-KQ76_RS02100	648	124	624	55
gene-KQ76_RS02105	165	58	199	31
gene-KQ76_RS02110	28	156	37	164
gene-KQ76_RS02115	419	3844	634	1619
gene-KQ76_RS02120	188	1081	175	472
gene-KQ76_RS02125	19	17	7	11
gene-KQ76_RS02130	7807	518	10736	185
gene-KQ76_RS02135	2392	116	2658	45
gene-KQ76_RS02140	1342	85	1460	41
gene-KQ76_RS02145	1	0	2	0
gene-KQ76_RS02150	249	72	568	45
gene-KQ76_RS02155	3260	622	5157	249
gene-KQ76_RS02160	1547	1195	2150	572
gene-KQ76_RS02165	4480	2597	5880	1670
gene-KQ76_RS02170	1	9	5	1
gene-KQ76_RS02175	349	74	247	23
gene-KQ76_RS02180	0	0	0	0
gene-KQ76_RS02185	214	53	336	22
gene-KQ76_RS02190	79	54	77	10
gene-KQ76_RS02195	2587	5629	2301	1890
gene-KQ76_RS02205	383	91	360	21
gene-KQ76_RS02210	538	16	776	8
gene-KQ76_RS02215	315	4	464	6
gene-KQ76_RS02220	115	64	129	12
gene-KQ76_RS02225	17	32	30	21
gene-KQ76_RS02230	167	103	228	34
gene-KQ76_RS02240	6848	822	8450	286
gene-KQ76_RS02245	4210	796	4934	365
gene-KQ76_RS02250	391	167	581	71
gene-KQ76_RS02255	319	97	442	51
gene-KQ76_RS02260	269	705	179	413
gene-KQ76_RS02265	347	415	776	160
gene-KQ76_RS02270	865	282	1782	93
gene-KQ76_RS02275	888	123	1487	88
gene-KQ76_RS02280	1957	406	2919	189
gene-KQ76_RS02285	0	0	1	0
gene-KQ76_RS02290	7892	1384	10438	395
gene-KQ76_RS02295	9227	1918	11308	673
gene-KQ76_RS02305	24485	25587	24500	14167
gene-KQ76_RS02310	185	141	488	55
gene-KQ76_RS02315	2265	305	4125	98
gene-KQ76_RS02320	1408	154	2084	81
gene-KQ76_RS02325	1572	736	2504	245
gene-KQ76_RS02330	302	290	492	110
gene-KQ76_RS02335	681	560	825	257
gene-KQ76_RS02340	3734	6532	5781	2242
gene-KQ76_RS02345	148	21	110	9
gene-KQ76_RS02350	228	38	249	16
gene-KQ76_RS02355	13219	9443	14415	2525
gene-KQ76_RS02360	814	1648	1184	446
gene-KQ76_RS02365	8571	13706	13914	7121
gene-KQ76_RS02370	753	160	949	73
gene-KQ76_RS02375	212	44	182	17
gene-KQ76_RS02380	822	342	861	148
gene-KQ76_RS02385	235	162	184	52
gene-KQ76_RS02390	10324	2719	14305	807
gene-KQ76_RS02395	10	6	5	1
gene-KQ76_RS02400	0	0	0	0
gene-KQ76_RS02405	0	0	0	0
gene-KQ76_RS02410	0	0	0	0
gene-KQ76_RS02415	0	0	0	0
gene-KQ76_RS02420	0	0	0	0
gene-KQ76_RS02425	0	0	0	0
gene-KQ76_RS02430	1	0	4	0
gene-KQ76_RS02435	419	369	365	264
gene-KQ76_RS02440	0	3	0	0
gene-KQ76_RS02445	2363	154	3476	80
gene-KQ76_RS02450	2231	217	899	5
gene-KQ76_RS02455	1	2	0	0
gene-KQ76_RS02460	8	19	6	10
gene-KQ76_RS02465	1316	126	1277	50
gene-KQ76_RS02470	2	1	2	0
gene-KQ76_RS02475	142	36	198	22
gene-KQ76_RS02480	9263	227	25074	111
gene-KQ76_RS02485	5896	217	13158	74
gene-KQ76_RS02495	4426	168	3661	73
gene-KQ76_RS02500	3593	17769	3943	17040
gene-KQ76_RS02505	3191	6155	3331	3943
gene-KQ76_RS02510	5597	5427	5163	2196
gene-KQ76_RS02515	22400	18613	24015	6834
gene-KQ76_RS02525	1671	1136	2855	512
gene-KQ76_RS02530	1283	101	1819	38
gene-KQ76_RS02535	3473	1717	5309	619
gene-KQ76_RS02540	790	394	1230	67
gene-KQ76_RS02545	2977	691	4383	256
gene-KQ76_RS02550	280	35	150	4
gene-KQ76_RS02555	2940	306	4698	98
gene-KQ76_RS02560	1592	162	2215	43
gene-KQ76_RS02565	969	73	1131	22
gene-KQ76_RS02570	236	67	206	27
gene-KQ76_RS02575	4231	316	5851	70
gene-KQ76_RS02580	25874	24001	38819	17384
gene-KQ76_RS02585	13802	6304	18910	3154
gene-KQ76_RS02590	27776	24415	44504	8210
gene-KQ76_RS02595	16544	14685	26392	5546
gene-KQ76_RS02600	642	633	804	219
gene-KQ76_RS02605	82642	29030	103777	10414
gene-KQ76_RS02610	138425	36521	192285	15991
gene-KQ76_RS02615	1960	1499	1709	591
gene-KQ76_RS02620	9162	8691	13396	3417
gene-KQ76_RS02625	27278	13946	43516	6750
gene-KQ76_RS02630	239065	248454	451459	125912
gene-KQ76_RS02635	260713	327327	518293	172126
gene-KQ76_RS02640	1045	7043	2151	2823
gene-KQ76_RS02645	14356	2388	17929	643
gene-KQ76_RS02650	165	3740	312	2259
gene-KQ76_RS02655	471	34	508	16
gene-KQ76_RS02660	4967	428	11304	141
gene-KQ76_RS02665	6826	12299	10845	3831
gene-KQ76_RS02670	773	126	731	29
gene-KQ76_RS02675	377	28	347	22
gene-KQ76_RS02680	24	5	32	1
gene-KQ76_RS02685	104	60	160	34
gene-KQ76_RS02690	176	52	221	61
gene-KQ76_RS02695	618	77	831	34
gene-KQ76_RS02700	3251	1062	1805	360
gene-KQ76_RS02705	51434	1468	54092	480
gene-KQ76_RS02710	9124	501	13003	193
gene-KQ76_RS02715	1315	140	1802	50
gene-KQ76_RS02720	3795	826	5328	213
gene-KQ76_RS02725	2139	4534	2672	2436
gene-KQ76_RS02730	992	3951	1596	2885
gene-KQ76_RS02735	378	4135	628	5035
gene-KQ76_RS02740	1220	6799	1442	4358
gene-KQ76_RS02745	1629	3643	1523	1480
gene-KQ76_RS02750	3245	5346	3178	2093
gene-KQ76_RS02755	27	21	28	47
gene-KQ76_RS02760	672	447	899	146
gene-KQ76_RS02765	34	26	48	9
gene-KQ76_RS02770	194	158	304	69
gene-KQ76_RS02775	11	10	12	0
gene-KQ76_RS02780	7	10	6	1
gene-KQ76_RS02785	9360	107366	10980	64370
gene-KQ76_RS02790	2672	3190	3972	1187
gene-KQ76_RS02795	175	233	211	234
gene-KQ76_RS02800	126	8	187	4
gene-KQ76_RS02805	532	48	727	17
gene-KQ76_RS02810	859	490	1272	263
gene-KQ76_RS02815	443	392	685	168
gene-KQ76_RS02820	386	321	705	155
gene-KQ76_RS02825	1044	1185	886	487
gene-KQ76_RS02830	11049	19930	16470	6251
gene-KQ76_RS02835	11937	16555	16876	5018
gene-KQ76_RS02840	421	74	503	12
gene-KQ76_RS02845	560	90	648	17
gene-KQ76_RS02850	438	62	537	26
gene-KQ76_RS02855	25	100	29	35
gene-KQ76_RS02860	554	1102	542	767
gene-KQ76_RS02865	50	412	66	440
gene-KQ76_RS02870	3	0	0	0
gene-KQ76_RS02875	2963	105	5035	37
gene-KQ76_RS02880	449	15	451	1
gene-KQ76_RS02895	108	3	113	0
gene-KQ76_RS02900	2498	3309	3277	2090
gene-KQ76_RS02905	1872	1331	2358	718
gene-KQ76_RS02910	71	13	157	1
gene-KQ76_RS02915	2226	908	3403	313
gene-KQ76_RS02920	1211	751	1417	189
gene-KQ76_RS02925	29870	1532	51360	587
gene-KQ76_RS02930	0	0	0	0
gene-KQ76_RS02935	22	137	13	39
gene-KQ76_RS02940	1752	364	2076	80
gene-KQ76_RS02945	5	10	6	3
gene-KQ76_RS02950	340	92	347	110
gene-KQ76_RS02955	350	51	428	23
gene-KQ76_RS02960	645	488	710	217
gene-KQ76_RS02965	1883	796	2351	319
gene-KQ76_RS02970	29295	19891	33828	9081
gene-KQ76_RS02975	1044	6348	915	2186
gene-KQ76_RS02980	12	38	22	31
gene-KQ76_RS02985	1526	7078	1367	1561
gene-KQ76_RS02990	56	65	83	22
gene-KQ76_RS02995	14	9	3	4
gene-KQ76_RS03000	8	3	10	0
gene-KQ76_RS03005	12	1	16	0
gene-KQ76_RS03010	406	17	375	9
gene-KQ76_RS03015	62	4	66	3
gene-KQ76_RS03020	41	3	37	0
gene-KQ76_RS03025	252	20	335	4
gene-KQ76_RS03030	18	1	20	0
gene-KQ76_RS03035	38	9	42	1
gene-KQ76_RS03040	141	33	203	17
gene-KQ76_RS03045	4346	4611	5790	910
gene-KQ76_RS03050	14	5	13	12
gene-KQ76_RS03055	5	7	9	9
gene-KQ76_RS03060	5167	301	10221	110
gene-KQ76_RS03065	2689	55	5962	20
gene-KQ76_RS03070	1792	26	3658	10
gene-KQ76_RS03075	942	1642	861	430
gene-KQ76_RS03080	457	1007	680	393
gene-KQ76_RS03085	196	141	346	58
gene-KQ76_RS03090	2166	3479	2589	912
gene-KQ76_RS03095	2125	715	2519	273
gene-KQ76_RS03100	1385	287	1882	58
gene-KQ76_RS03105	2304	150	2956	32
gene-KQ76_RS03110	473	73	417	14
gene-KQ76_RS03115	211	307	314	94
gene-KQ76_RS03120	7211	3303	8859	903
gene-KQ76_RS03125	6646	752	8837	229
gene-KQ76_RS03130	0	0	0	0
gene-KQ76_RS03135	952	480	1159	330
gene-KQ76_RS03140	503	70	526	21
gene-KQ76_RS03145	229	74	235	25
gene-KQ76_RS03150	444	245	529	76
gene-KQ76_RS03155	3777	2521	4837	1358
gene-KQ76_RS03160	2962	1265	4102	719
gene-KQ76_RS03165	1320	285	1621	176
gene-KQ76_RS03170	4480	3721	4833	2298
gene-KQ76_RS03175	791	166	1025	69
gene-KQ76_RS03180	91	62	77	47
gene-KQ76_RS03190	273	307	252	67
gene-KQ76_RS03195	371	1536	592	529
gene-KQ76_RS03200	348	137	430	35
gene-KQ76_RS03205	302	74	419	14
gene-KQ76_RS03210	628	47	756	22
gene-KQ76_RS03215	493	92	527	38
gene-KQ76_RS03220	1069	192	1120	40
gene-KQ76_RS03225	2142	984	2614	238
gene-KQ76_RS03230	5933	865	6944	362
gene-KQ76_RS03235	8328	4460	9273	1393
gene-KQ76_RS03240	508	136	552	65
gene-KQ76_RS03245	83	6	64	1
gene-KQ76_RS03250	905	178	1084	61
gene-KQ76_RS03255	1587	859	2342	248
gene-KQ76_RS03260	922	382	1244	100
gene-KQ76_RS03265	0	0	0	0
gene-KQ76_RS03270	1901	2348	2729	1196
gene-KQ76_RS03275	4101	2111	5336	814
gene-KQ76_RS03280	1842	1002	1924	492
gene-KQ76_RS03285	444	240	332	126
gene-KQ76_RS03290	0	1	0	0
gene-KQ76_RS03295	59	132	118	41
gene-KQ76_RS03300	2	5	4	5
gene-KQ76_RS03305	117	100	180	51
gene-KQ76_RS03310	46	13	44	3
gene-KQ76_RS03315	22	10	42	5
gene-KQ76_RS03320	907	1054	1095	472
gene-KQ76_RS03325	187	444	237	211
gene-KQ76_RS03330	658	3119	949	1534
gene-KQ76_RS03335	233	54	327	20
gene-KQ76_RS03340	1564	2330	2527	365
gene-KQ76_RS03345	3169	829	5671	207
gene-KQ76_RS03350	21026	4894	25505	1326
gene-KQ76_RS03355	202	35	301	9
gene-KQ76_RS03360	464	66	440	47
gene-KQ76_RS03365	25	2	21	0
gene-KQ76_RS03370	2519	574	3690	270
gene-KQ76_RS03375	2300	688	3070	381
gene-KQ76_RS03380	299	122	333	52
gene-KQ76_RS03385	283	128	261	24
gene-KQ76_RS03390	631	415	833	183
gene-KQ76_RS03395	2109	737	2116	247
gene-KQ76_RS03400	70	187	81	70
gene-KQ76_RS03405	455	384	630	216
gene-KQ76_RS03410	582	753	326	316
gene-KQ76_RS03415	1287	360	959	139
gene-KQ76_RS03420	9488	1861	8952	901
gene-KQ76_RS03430	325	241	450	166
gene-KQ76_RS03435	2263	1979	2467	531
gene-KQ76_RS03440	833	130	1010	48
gene-KQ76_RS03445	1055	93	1021	66
gene-KQ76_RS03450	6376	13246	7969	5998
gene-KQ76_RS03455	3836	7490	4429	3773
gene-KQ76_RS03460	3225	15685	5227	7107
gene-KQ76_RS03465	7155	61439	11076	27663
gene-KQ76_RS03470	76	413	72	60
gene-KQ76_RS03475	90	157	160	75
gene-KQ76_RS03480	25	147	44	75
gene-KQ76_RS03485	30	136	31	38
gene-KQ76_RS03490	47	16	86	3
gene-KQ76_RS03495	352	29	501	5
gene-KQ76_RS03500	309	55	370	16
gene-KQ76_RS03505	112	20	117	5
gene-KQ76_RS03510	559	142	724	26
gene-KQ76_RS03515	699	94	1157	59
gene-KQ76_RS03520	10986	2743	13046	752
gene-KQ76_RS03530	712	675	1006	227
gene-KQ76_RS03535	2035	485	2430	129
gene-KQ76_RS03540	217	164	367	40
gene-KQ76_RS03545	1345	453	1550	123
gene-KQ76_RS03550	1858	9492	3760	5171
gene-KQ76_RS03555	1364	9037	2248	3856
gene-KQ76_RS03560	74	381	50	184
gene-KQ76_RS03565	0	1	0	0
gene-KQ76_RS03570	10849	1561	14066	799
gene-KQ76_RS03575	302	339	531	200
gene-KQ76_RS03580	296	484	442	329
gene-KQ76_RS03585	1421	258	2022	105
gene-KQ76_RS03590	7924	691	10696	182
gene-KQ76_RS03595	2281	64	2965	10
gene-KQ76_RS03605	425	5	266	1
gene-KQ76_RS03610	323	0	171	1
gene-KQ76_RS03615	316	8	185	0
gene-KQ76_RS03620	1833	291	2004	112
gene-KQ76_RS03625	887	415	1054	174
gene-KQ76_RS03630	1183	369	1320	150
gene-KQ76_RS03635	15	3	19	4
gene-KQ76_RS03640	539	430	511	102
gene-KQ76_RS03645	545	375	395	113
gene-KQ76_RS03650	980	512	1225	227
gene-KQ76_RS03655	6676	1979	8482	713
gene-KQ76_RS03660	570	58	679	22
gene-KQ76_RS03665	161	35	216	20
gene-KQ76_RS03670	723	824	791	231
gene-KQ76_RS03675	532	187	780	63
gene-KQ76_RS03680	395	2122	669	590
gene-KQ76_RS03685	1569	720	2082	222
gene-KQ76_RS03690	58	12	38	4
gene-KQ76_RS03695	12	12	17	11
gene-KQ76_RS03700	78562	48673	70159	18864
gene-KQ76_RS03705	9780	10090	11729	2296
gene-KQ76_RS03710	1	6	0	0
gene-KQ76_RS03715	1376	1268	2415	301
gene-KQ76_RS03725	1662	912	2372	321
gene-KQ76_RS03730	227	2857	202	1752
gene-KQ76_RS03735	26	40	49	40
gene-KQ76_RS03740	4134	946	5590	267
gene-KQ76_RS03745	7004	1581	9441	558
gene-KQ76_RS03755	2262	689	3615	303
gene-KQ76_RS03760	1130	32	1375	2
gene-KQ76_RS03765	498	17	409	2
gene-KQ76_RS03770	1669	168	1450	36
gene-KQ76_RS03775	6986	27447	9323	14741
gene-KQ76_RS03780	1288	1081	1671	317
gene-KQ76_RS03785	1894	956	2406	271
gene-KQ76_RS03790	2181	1653	2390	573
gene-KQ76_RS03800	4273	16346	4924	8259
gene-KQ76_RS03805	950	1398	956	541
gene-KQ76_RS03810	97	45	141	15
gene-KQ76_RS03815	424	1352	484	401
gene-KQ76_RS03820	11641	14362	12298	4821
gene-KQ76_RS03825	189891	41985	227245	12308
gene-KQ76_RS03830	60140	13100	80187	5123
gene-KQ76_RS03835	47834	15265	75517	7120
gene-KQ76_RS03840	98702	28264	155487	14297
gene-KQ76_RS03845	167758	108488	272548	48995
gene-KQ76_RS03850	702	716	967	258
gene-KQ76_RS03855	363	1071	354	271
gene-KQ76_RS03860	912	1330	1425	355
gene-KQ76_RS03865	4085	2204	5986	719
gene-KQ76_RS03870	526	282	611	110
gene-KQ76_RS03875	2	0	1	0
gene-KQ76_RS03880	403	186	444	33
gene-KQ76_RS03885	0	0	1	0
gene-KQ76_RS03890	0	13	4	2
gene-KQ76_RS03895	49	80	61	47
gene-KQ76_RS03900	959	1117	1765	310
gene-KQ76_RS03905	40	41	19	16
gene-KQ76_RS03910	27	1030	32	934
gene-KQ76_RS03915	8	11	4	2
gene-KQ76_RS03920	224	498	318	381
gene-KQ76_RS03925	1358	754	1163	193
gene-KQ76_RS03930	13	17	19	5
gene-KQ76_RS03935	8	4	13	0
gene-KQ76_RS03940	16	4	36	0
gene-KQ76_RS03945	184	76	128	12
gene-KQ76_RS03950	107	90	109	65
gene-KQ76_RS03955	23	19	96	20
gene-KQ76_RS03960	5	19	6	9
gene-KQ76_RS03965	63	11	140	9
gene-KQ76_RS03970	168	621	306	390
gene-KQ76_RS03975	3276	2165	3536	1984
gene-KQ76_RS03980	22	102	23	52
gene-KQ76_RS03985	258	429	219	221
gene-KQ76_RS03990	764	665	719	258
gene-KQ76_RS03995	1062	3467	1531	2426
gene-KQ76_RS04000	937	2623	1287	626
gene-KQ76_RS04005	9576	18184	10830	9368
gene-KQ76_RS04015	576	1060	705	461
gene-KQ76_RS04020	131	144	163	51
gene-KQ76_RS04025	173	213	142	56
gene-KQ76_RS04030	1592	797	3319	265
gene-KQ76_RS04035	776	526	1389	234
gene-KQ76_RS04040	1793	1024	2392	350
gene-KQ76_RS04045	0	13	3	5
gene-KQ76_RS04050	918	215	1089	142
gene-KQ76_RS04055	1348	2414	1090	735
gene-KQ76_RS04060	7983	7961	8370	3427
gene-KQ76_RS04065	6564	3635	7685	1668
gene-KQ76_RS04070	2435	1132	3152	482
gene-KQ76_RS04075	11932	8021	16165	3648
gene-KQ76_RS04080	1	0	2	0
gene-KQ76_RS04085	5	58	29	7
gene-KQ76_RS04090	282	240	334	114
gene-KQ76_RS04095	244	207	217	83
gene-KQ76_RS04100	278	268	289	230
gene-KQ76_RS04105	276	36	290	9
gene-KQ76_RS04110	1088	50	1458	20
gene-KQ76_RS04115	4832	2220	5354	1009
gene-KQ76_RS04120	120	43	61	3
gene-KQ76_RS04125	19	165	20	66
gene-KQ76_RS04130	154	316	132	258
gene-KQ76_RS04135	590	19	811	6
gene-KQ76_RS04140	2299	51	3140	21
gene-KQ76_RS04145	1	0	0	0
gene-KQ76_RS04150	22	40	18	3
gene-KQ76_RS04155	3857	6620	5717	2814
gene-KQ76_RS04160	2363	2700	3318	894
gene-KQ76_RS04165	185	154	130	60
gene-KQ76_RS04170	3318	2954	5134	1243
gene-KQ76_RS04175	175	3018	147	1835
gene-KQ76_RS04180	215	132	278	55
gene-KQ76_RS04185	12363	5335	18038	1814
gene-KQ76_RS04190	178	3205	250	2287
gene-KQ76_RS04195	955	4411	1487	3165
gene-KQ76_RS04200	24000	5627	34258	2549
gene-KQ76_RS04205	1382	99	1294	83
gene-KQ76_RS04210	724	95	864	35
gene-KQ76_RS04215	989	283	1180	140
gene-KQ76_RS04220	44	18	56	5
gene-KQ76_RS04225	1504	224	2014	110
gene-KQ76_RS04230	901	108	1504	89
gene-KQ76_RS04235	1521	214	1632	83
gene-KQ76_RS04240	6410	474	8096	243
gene-KQ76_RS04245	1496	95	1433	52
gene-KQ76_RS04250	1233	93	1266	46
gene-KQ76_RS04255	8528	797	10234	252
gene-KQ76_RS04260	67	22	75	6
gene-KQ76_RS04265	4614	6640	6224	2453
gene-KQ76_RS04270	5578	2448	6442	840
gene-KQ76_RS04275	1789	27680	2020	13114
gene-KQ76_RS04280	27361	3631	33338	1443
gene-KQ76_RS04285	59140	9818	76113	4358
gene-KQ76_RS04290	1303	260	1551	92
gene-KQ76_RS04295	36268	935	30749	474
gene-KQ76_RS04300	28899	220	32807	213
gene-KQ76_RS04305	21109	26064	31692	10925
gene-KQ76_RS04310	282	204	309	83
gene-KQ76_RS04315	207	126	225	80
gene-KQ76_RS04320	717	1850	685	719
gene-KQ76_RS04325	4275	4065	4948	1902
gene-KQ76_RS04330	7185	1894	7461	685
gene-KQ76_RS04335	8698	16574	12698	8271
gene-KQ76_RS04340	75	44	56	22
gene-KQ76_RS04345	1	0	0	0
gene-KQ76_RS04350	8518	14866	12271	7156
gene-KQ76_RS04355	660	1898	832	732
gene-KQ76_RS04360	754	3033	407	1366
gene-KQ76_RS04365	40	25	27	11
gene-KQ76_RS04370	5229	16939	7745	12375
gene-KQ76_RS04375	5	1	1	0
gene-KQ76_RS04380	1	19	6	4
gene-KQ76_RS04385	4	10	5	2
gene-KQ76_RS04390	8	8	5	3
gene-KQ76_RS04395	12	1	29	0
gene-KQ76_RS04400	2129	7325	2235	4028
gene-KQ76_RS04405	1530	1726	1025	1149
gene-KQ76_RS04410	3872	5802	4752	3076
gene-KQ76_RS04415	13741	10415	21039	5154
gene-KQ76_RS04420	24	2	23	0
gene-KQ76_RS04425	9171	2220	8866	1519
gene-KQ76_RS04430	10536	378	12516	104
gene-KQ76_RS04435	13949	655	13146	303
gene-KQ76_RS04440	13581	1092	10848	531
gene-KQ76_RS04445	23598	2703	15577	963
gene-KQ76_RS04450	7	8	7	0
gene-KQ76_RS04455	2	3	14	5
gene-KQ76_RS04460	110	105	109	49
gene-KQ76_RS04465	24	37	26	11
gene-KQ76_RS04470	32	31	38	6
gene-KQ76_RS04475	14	24	18	3
gene-KQ76_RS04480	53	55	62	34
gene-KQ76_RS04495	154	38	185	45
gene-KQ76_RS04500	2343	4166	3943	1930
gene-KQ76_RS04505	48848	76718	52213	21625
gene-KQ76_RS04510	7365	17494	7260	6490
gene-KQ76_RS04515	1	11	4	6
gene-KQ76_RS04520	1355	215	972	71
gene-KQ76_RS04525	3687	2034	4433	460
gene-KQ76_RS04530	1305	1233	1961	506
gene-KQ76_RS04535	582	176	871	62
gene-KQ76_RS04540	525	600	517	106
gene-KQ76_RS04545	2123	1516	2474	512
gene-KQ76_RS04550	3643	2051	4801	624
gene-KQ76_RS04555	596	204	931	77
gene-KQ76_RS04560	1656	284	2398	106
gene-KQ76_RS04565	3842	649	5019	199
gene-KQ76_RS04570	4944	3671	6038	1055
gene-KQ76_RS04575	3798	521	5503	146
gene-KQ76_RS04580	3341	493	3907	363
gene-KQ76_RS04585	368	43	799	14
gene-KQ76_RS04590	124	11	187	7
gene-KQ76_RS04600	21627	13470	25071	8158
gene-KQ76_RS04605	1348	185	1747	58
gene-KQ76_RS04610	1000	712	1816	202
gene-KQ76_RS04615	495	223	730	42
gene-KQ76_RS04620	53	16	45	7
gene-KQ76_RS04625	3458	946	4313	298
gene-KQ76_RS04630	495	396698	762	187168
gene-KQ76_RS04635	533	120	429	82
gene-KQ76_RS04640	2246	1151	2490	394
gene-KQ76_RS04645	1986	2702	2428	1039
gene-KQ76_RS04650	0	0	0	0
gene-KQ76_RS04655	0	0	0	0
gene-KQ76_RS04660	1	6	0	21
gene-KQ76_RS04665	22473	43952	20320	29114
gene-KQ76_RS04670	585	210	506	43
gene-KQ76_RS04675	113	1064	56	511
gene-KQ76_RS04680	836	4498	586	2175
gene-KQ76_RS04690	0	0	0	0
gene-KQ76_RS04695	61	10	72	2
gene-KQ76_RS04700	16	2	15	4
gene-KQ76_RS04705	27	19	38	11
gene-KQ76_RS04715	0	5	1	3
gene-KQ76_RS04720	23	7	19	5
gene-KQ76_RS04725	226	1763	166	1813
gene-KQ76_RS04730	40	187	23	56
gene-KQ76_RS04735	308	78	111	71
gene-KQ76_RS04740	791	142	518	79
gene-KQ76_RS04745	901	182	680	90
gene-KQ76_RS04750	823	79	523	46
gene-KQ76_RS04755	186	42	75	22
gene-KQ76_RS04760	113	11	60	8
gene-KQ76_RS04765	25	4	23	4
gene-KQ76_RS04770	1745	101	1350	36
gene-KQ76_RS04775	629	43	422	31
gene-KQ76_RS04780	965	115	863	46
gene-KQ76_RS04785	651	91	669	42
gene-KQ76_RS04790	196	93	139	49
gene-KQ76_RS04795	773	748	445	525
gene-KQ76_RS04810	13	10	13	11
gene-KQ76_RS04815	6	5	2	0
gene-KQ76_RS04820	122	176	54	13
gene-KQ76_RS04825	114	524	212	246
gene-KQ76_RS04830	614	210	984	109
gene-KQ76_RS04835	292	406	302	65
gene-KQ76_RS04840	768	120	851	69
gene-KQ76_RS04845	673	93	730	15
gene-KQ76_RS04850	10302	5367	13128	3259
gene-KQ76_RS04855	41	179	85	53
gene-KQ76_RS04860	235	969	532	402
gene-KQ76_RS04865	264	1154	624	653
gene-KQ76_RS04875	578	1586	1034	442
gene-KQ76_RS04880	66	171	52	52
gene-KQ76_RS04885	51	121	65	27
gene-KQ76_RS04890	0	0	0	0
gene-KQ76_RS04895	24314	9844	30002	2861
gene-KQ76_RS04900	70	57	115	29
gene-KQ76_RS04905	1090	871	980	291
gene-KQ76_RS04910	1655	2615	2220	494
gene-KQ76_RS04915	413	145	282	25
gene-KQ76_RS04920	27585	16723	32436	9802
gene-KQ76_RS04925	66279	33839	86643	20039
gene-KQ76_RS04930	261394	95267	374564	50223
gene-KQ76_RS04935	102385	14439	144411	6670
gene-KQ76_RS04940	1	1	0	0
gene-KQ76_RS04945	7222	4299	8553	2146
gene-KQ76_RS04955	26233	34326	36614	18699
gene-KQ76_RS04960	8669	2021	12747	1102
gene-KQ76_RS04965	22304	1682	31217	741
gene-KQ76_RS04970	4076	51	4446	25
gene-KQ76_RS04975	730	7	874	3
gene-KQ76_RS04980	17461	260	26147	114
gene-KQ76_RS04985	96825	1310	148307	645
gene-KQ76_RS04990	86418	1279	127801	608
gene-KQ76_RS04995	39706	658	56069	285
gene-KQ76_RS05000	18156	320	22810	125
gene-KQ76_RS05005	80742	1705	126198	798
gene-KQ76_RS05010	77785	2699	126549	1477
gene-KQ76_RS05015	165	534	209	155
gene-KQ76_RS05020	366	841	496	260
gene-KQ76_RS05025	174	269	257	102
gene-KQ76_RS05035	0	2	0	0
gene-KQ76_RS05040	7413	2061	7400	359
gene-KQ76_RS05045	1075	881	1351	332
gene-KQ76_RS05050	570	366	630	137
gene-KQ76_RS05055	7729	5828	10185	2756
gene-KQ76_RS05060	47419	6127	74028	2752
gene-KQ76_RS05065	25	423	28	109
gene-KQ76_RS05070	991	245	589	134
gene-KQ76_RS05075	962	202	594	71
gene-KQ76_RS05080	955	322	1093	97
gene-KQ76_RS05090	8650	559	12860	188
gene-KQ76_RS05095	136	6	118	4
gene-KQ76_RS05100	9	0	1	0
gene-KQ76_RS05105	499	312	587	166
gene-KQ76_RS05110	733	1248	826	346
gene-KQ76_RS05115	58758	50212	105022	20813
gene-KQ76_RS05120	59511	45345	100381	19535
gene-KQ76_RS05125	69895	47098	127464	21297
gene-KQ76_RS05130	136242	75127	216421	35799
gene-KQ76_RS05135	85	37	66	18
gene-KQ76_RS05140	48	5	14	4
gene-KQ76_RS05145	131	13	65	3
gene-KQ76_RS05150	131	24	104	1
gene-KQ76_RS05155	286	54	366	19
gene-KQ76_RS05160	576	107	789	66
gene-KQ76_RS05165	2207	15807	3199	5840
gene-KQ76_RS05170	792	1372	1054	829
gene-KQ76_RS05175	124	351	226	144
gene-KQ76_RS05180	772	274	611	73
gene-KQ76_RS05185	8919	8617	13480	4086
gene-KQ76_RS05190	642	842	293	422
gene-KQ76_RS05195	1351	4460	2246	1110
gene-KQ76_RS05200	576	1349	758	529
gene-KQ76_RS05205	634	3229	935	1272
gene-KQ76_RS05210	1406	762	967	459
gene-KQ76_RS05215	404	159	570	58
gene-KQ76_RS05220	15617	445	20136	140
gene-KQ76_RS05225	2577	734	2464	243
gene-KQ76_RS05230	2275	812	2356	309
gene-KQ76_RS05235	933	147	917	48
gene-KQ76_RS05245	740	1247	1080	512
gene-KQ76_RS05250	323	515	480	234
gene-KQ76_RS05255	816	2030	1066	1197
gene-KQ76_RS05260	7	11	11	5
gene-KQ76_RS05265	86	173	99	128
gene-KQ76_RS05270	227	102	310	37
gene-KQ76_RS05275	360	277	448	77
gene-KQ76_RS05280	47	90	72	28
gene-KQ76_RS05285	3275	43237	4207	27570
gene-KQ76_RS05295	851	4156	748	2550
gene-KQ76_RS05300	189	13	96	13
gene-KQ76_RS05305	316	28	209	10
gene-KQ76_RS05310	72	0	49	0
gene-KQ76_RS05315	16	0	7	0
gene-KQ76_RS05320	41	1	26	0
gene-KQ76_RS05325	20	3	20	0
gene-KQ76_RS05330	13	2	5	2
gene-KQ76_RS05335	13	0	13	0
gene-KQ76_RS05340	2	0	3	0
gene-KQ76_RS05345	789	435	1676	102
gene-KQ76_RS05350	1180	199	1763	67
gene-KQ76_RS05355	7896	1149	12938	517
gene-KQ76_RS05360	69	65	55	52
gene-KQ76_RS05365	179	35	148	11
gene-KQ76_RS05370	503	1710	412	726
gene-KQ76_RS05375	1462	1834	1293	345
gene-KQ76_RS05380	4076	2860	4137	819
gene-KQ76_RS05385	6257	25051	6409	13527
gene-KQ76_RS05390	0	1	0	2
gene-KQ76_RS05395	815	2140	1312	801
gene-KQ76_RS05400	4453	1294	6815	347
gene-KQ76_RS05405	34445	4266	60564	1839
gene-KQ76_RS05410	20371	2794	32170	1350
gene-KQ76_RS05415	1249	6379	2011	2469
gene-KQ76_RS05420	1011	2468	1344	1064
gene-KQ76_RS05425	877	1286	1082	616
gene-KQ76_RS05430	0	0	0	0
gene-KQ76_RS05435	4139	9054	5768	6619
gene-KQ76_RS05440	0	0	0	0
gene-KQ76_RS05445	49	565	74	450
gene-KQ76_RS05450	320	185	367	14
gene-KQ76_RS05455	297	6281	276	2440
gene-KQ76_RS05460	383	20364	387	12418
gene-KQ76_RS05465	986	114	1103	55
gene-KQ76_RS05475	853	565	1017	102
gene-KQ76_RS05480	282	927	292	363
gene-KQ76_RS05485	32	152	27	35
gene-KQ76_RS05490	95	404	115	94
gene-KQ76_RS05495	1	0	1	0
gene-KQ76_RS05500	32	45	43	18
gene-KQ76_RS05505	39	43	48	41
gene-KQ76_RS05510	28	572	51	841
gene-KQ76_RS05515	110	7	112	6
gene-KQ76_RS05520	108	11	161	5
gene-KQ76_RS05525	133	36	192	25
gene-KQ76_RS05530	87	292	156	89
gene-KQ76_RS05535	744	216	1024	42
gene-KQ76_RS05540	5	0	5	0
gene-KQ76_RS05545	3	4	1	3
gene-KQ76_RS05550	8	7	3	3
gene-KQ76_RS05555	660	1317	577	633
gene-KQ76_RS05560	5322	10059	5864	5184
gene-KQ76_RS05565	1050	2106	1099	542
gene-KQ76_RS05570	14884	5422	19609	3002
gene-KQ76_RS05575	14767	1862	21171	386
gene-KQ76_RS05580	933	54	592	6
gene-KQ76_RS05585	5624	1278	12003	452
gene-KQ76_RS05590	419	8	796	6
gene-KQ76_RS05595	2875	512	4875	225
gene-KQ76_RS05600	3724	1128	5061	459
gene-KQ76_RS05605	16448	6116	23541	2759
gene-KQ76_RS05610	27596	11012	47198	4321
gene-KQ76_RS05615	875	1350	1471	595
gene-KQ76_RS05620	1098	940	1117	249
gene-KQ76_RS05625	2880	1920	4303	633
gene-KQ76_RS05630	381	247	258	41
gene-KQ76_RS05635	184	300	172	126
gene-KQ76_RS05640	1894	4473	2395	1286
gene-KQ76_RS05645	5632	280	5440	69
gene-KQ76_RS05650	11	12	5	2
gene-KQ76_RS05655	548	369	593	86
gene-KQ76_RS05660	73	75	85	14
gene-KQ76_RS05665	1812	1087	2568	456
gene-KQ76_RS05670	233	33	241	18
gene-KQ76_RS05675	951	140	1561	61
gene-KQ76_RS05680	2578	16502	4578	8898
gene-KQ76_RS05685	2293	853	9469	334
gene-KQ76_RS05690	2046	452	8189	214
gene-KQ76_RS05695	4182	740	17230	337
gene-KQ76_RS05700	1030	405	4241	172
gene-KQ76_RS05705	838	320	3612	103
gene-KQ76_RS05710	357	217	1091	80
gene-KQ76_RS05715	2075	764	2800	261
gene-KQ76_RS05720	1502	2884	1831	1196
gene-KQ76_RS05725	782	785	1297	269
gene-KQ76_RS05730	416	301	583	150
gene-KQ76_RS05735	944	1318	1545	391
gene-KQ76_RS05740	1710	336	2106	97
gene-KQ76_RS05745	605	128	528	50
gene-KQ76_RS05750	3108	5007	2273	2293
gene-KQ76_RS05755	148	473	152	159
gene-KQ76_RS05760	604	703	650	224
gene-KQ76_RS05765	1471	635	1682	195
gene-KQ76_RS05770	1740	491	2058	155
gene-KQ76_RS05775	710	111	760	43
gene-KQ76_RS05780	1988	136	3084	49
gene-KQ76_RS05785	879	438	1164	151
gene-KQ76_RS05790	887	454	1223	136
gene-KQ76_RS05795	1341	1002	1663	292
gene-KQ76_RS05800	51539	120604	40472	40295
gene-KQ76_RS05805	174	39	201	3
gene-KQ76_RS05810	3260	356	4627	96
gene-KQ76_RS05815	1800	744	2672	202
gene-KQ76_RS05820	1402	279	1609	110
gene-KQ76_RS05825	3777	705	4237	257
gene-KQ76_RS05830	4642	1234	5582	551
gene-KQ76_RS05835	8103	1372	12082	644
gene-KQ76_RS05845	6067	7515	6208	6848
gene-KQ76_RS05850	314	251	435	111
gene-KQ76_RS05855	2732	101	2941	41
gene-KQ76_RS05860	2370	143	3403	50
gene-KQ76_RS05865	83	10	43	1
gene-KQ76_RS05870	5162	919	6945	313
gene-KQ76_RS05875	2634	10524	3439	4582
gene-KQ76_RS05880	274	379	395	164
gene-KQ76_RS05885	669	806	1366	417
gene-KQ76_RS05890	13822	21197	19796	14635
gene-KQ76_RS05900	1841	310	1756	97
gene-KQ76_RS05905	307	631	587	236
gene-KQ76_RS05910	390	1298	645	530
gene-KQ76_RS05915	22018	6876	34408	2407
gene-KQ76_RS05920	18088	5700	27539	2353
gene-KQ76_RS05925	27	87	43	53
gene-KQ76_RS05930	28	55	23	14
gene-KQ76_RS05935	25	4	32	5
gene-KQ76_RS05940	1904	623	2231	240
gene-KQ76_RS05945	3105	505	4174	172
gene-KQ76_RS05950	3636	836	3401	158
gene-KQ76_RS05955	2303	269	2364	76
gene-KQ76_RS05960	10636	1604	11741	469
gene-KQ76_RS05965	7314	1125	7800	378
gene-KQ76_RS05970	48	10	56	0
gene-KQ76_RS05975	7673	13269	9043	10212
gene-KQ76_RS05980	14	19	13	2
gene-KQ76_RS05985	15854	8399	18960	3914
gene-KQ76_RS05990	1840	125	2114	25
gene-KQ76_RS05995	3350	272	4254	81
gene-KQ76_RS06000	518	118	549	53
gene-KQ76_RS06005	335	22	272	9
gene-KQ76_RS06010	1267	7141	2171	2856
gene-KQ76_RS06015	7678	12712	12547	5114
gene-KQ76_RS06020	5600	1136	6323	262
gene-KQ76_RS06025	462	3619	726	1298
gene-KQ76_RS06030	1757	7077	2828	1672
gene-KQ76_RS06035	257	948	426	313
gene-KQ76_RS06040	334	1027	440	347
gene-KQ76_RS06045	9214	16495	15304	6237
gene-KQ76_RS06050	1043	3016	1219	1215
gene-KQ76_RS06055	96	45	86	5
gene-KQ76_RS06060	1270	1915	1598	452
gene-KQ76_RS06065	17342	9332	23477	5428
gene-KQ76_RS06070	12906	4150	22592	1598
gene-KQ76_RS06075	3584	560	6085	125
gene-KQ76_RS06080	1616	459	2132	277
gene-KQ76_RS06085	246	247	146	110
gene-KQ76_RS06090	64	4	49	0
gene-KQ76_RS06095	376	18	263	3
gene-KQ76_RS06100	365	16	401	9
gene-KQ76_RS06105	1665	1303	2848	607
gene-KQ76_RS06110	662	383	1170	257
gene-KQ76_RS06115	1826	738	2348	341
gene-KQ76_RS06120	520	1184	666	245
gene-KQ76_RS06125	4108	9175	6499	2158
gene-KQ76_RS06130	18421	32600	20891	15591
gene-KQ76_RS06135	158	4265	84	1525
gene-KQ76_RS06140	488	173	666	50
gene-KQ76_RS06145	2852	12596	3088	5948
gene-KQ76_RS06150	2177	4045	2590	1992
gene-KQ76_RS06155	104	106	193	56
gene-KQ76_RS06160	1419	431	2148	100
gene-KQ76_RS06165	290	56	308	16
gene-KQ76_RS06170	907	104	1321	18
gene-KQ76_RS06175	776	329	1037	107
gene-KQ76_RS06180	538	79	578	28
gene-KQ76_RS06185	272	38	305	12
gene-KQ76_RS06190	3975	181	7227	79
gene-KQ76_RS06195	4871	3996	4885	2188
gene-KQ76_RS06200	6723	7457	6561	2966
gene-KQ76_RS06205	362	177	447	59
gene-KQ76_RS06210	475	127	664	54
gene-KQ76_RS06215	229	39	266	10
gene-KQ76_RS06220	1640	2100	1523	888
gene-KQ76_RS06225	391	1185	402	433
gene-KQ76_RS06230	752	1895	1002	808
gene-KQ76_RS06235	2508	10347	4792	3447
gene-KQ76_RS06240	31134	60702	65451	22586
gene-KQ76_RS06245	97	400	235	110
gene-KQ76_RS06250	0	13	1	4
gene-KQ76_RS06255	36	20	30	12
gene-KQ76_RS06260	6	0	8	0
gene-KQ76_RS06265	24	2	44	0
gene-KQ76_RS06270	41	10	48	3
gene-KQ76_RS06275	1	4	2	0
gene-KQ76_RS06290	1	0	0	0
gene-KQ76_RS06295	518	717	346	77
gene-KQ76_RS06300	25	41	7	0
gene-KQ76_RS06305	0	1	0	1
gene-KQ76_RS06315	7	10	7	4
gene-KQ76_RS06325	0	0	0	0
gene-KQ76_RS06335	0	1	0	0
gene-KQ76_RS06345	13	19	6	20
gene-KQ76_RS06355	0	0	0	0
gene-KQ76_RS06360	17	68	15	22
gene-KQ76_RS06365	41	753	23	47
gene-KQ76_RS06370	3972	11050	4111	5327
gene-KQ76_RS06375	3	7	5	3
gene-KQ76_RS06380	5	12	9	4
gene-KQ76_RS06385	68	58	66	18
gene-KQ76_RS06390	85	333	78	109
gene-KQ76_RS06395	9	166	11	12
gene-KQ76_RS06400	92	134	283	75
gene-KQ76_RS06405	2932	7834	3174	2122
gene-KQ76_RS06410	351	64	266	29
gene-KQ76_RS06415	277	30	649	16
gene-KQ76_RS06420	1985	5907	2211	2003
gene-KQ76_RS06425	3001	7693	3452	3463
gene-KQ76_RS06430	2215	1733	2217	664
gene-KQ76_RS06435	3730	2037	3388	614
gene-KQ76_RS06440	1416	1078	1314	614
gene-KQ76_RS06445	0	0	0	0
gene-KQ76_RS06450	2212	1245	4506	728
gene-KQ76_RS06455	10482	31392	19615	14638
gene-KQ76_RS06460	5804	12036	4772	6041
gene-KQ76_RS06465	32	103	50	27
gene-KQ76_RS06470	3171	1263	3049	568
gene-KQ76_RS06480	5240	2056	4069	768
gene-KQ76_RS06485	7046	7644	13513	1570
gene-KQ76_RS06490	31	126	36	123
gene-KQ76_RS06495	145	774	210	361
gene-KQ76_RS06500	49411	131507	75577	57484
gene-KQ76_RS06505	256	805	124	399
gene-KQ76_RS06510	0	4	0	1
gene-KQ76_RS06515	319	3197	300	1285
gene-KQ76_RS06520	99	28	126	16
gene-KQ76_RS06525	346	82	372	25
gene-KQ76_RS06530	355	870	242	387
gene-KQ76_RS06535	5364	262	4169	112
gene-KQ76_RS06540	68646	112430	66545	54936
gene-KQ76_RS06545	845	2095	935	1184
gene-KQ76_RS06550	196	116	247	75
gene-KQ76_RS06555	2019	1686	3371	815
gene-KQ76_RS06560	1079	104	1550	46
gene-KQ76_RS06565	5029	255	6448	116
gene-KQ76_RS06575	5176	472	7710	291
gene-KQ76_RS06580	179	593	237	171
gene-KQ76_RS06585	1	0	0	0
gene-KQ76_RS06590	3679	3638	4925	856
gene-KQ76_RS06595	3310	1218	3452	383
gene-KQ76_RS06600	471	6003	743	2815
gene-KQ76_RS06605	957	1098	1009	458
gene-KQ76_RS06610	0	0	0	0
gene-KQ76_RS06615	2499	9588	2497	6409
gene-KQ76_RS06620	121	262	152	180
gene-KQ76_RS06625	57	30	74	23
gene-KQ76_RS06630	1480	2277	1961	945
gene-KQ76_RS06635	1561	22	1798	6
gene-KQ76_RS06640	624	6	702	1
gene-KQ76_RS06645	3774	42	2892	26
gene-KQ76_RS06650	3053	40	1653	17
gene-KQ76_RS06655	2122	30	1298	15
gene-KQ76_RS06660	3596	101	1992	51
gene-KQ76_RS06665	4230	422	2164	215
gene-KQ76_RS06670	1445	739	1445	277
gene-KQ76_RS06675	6186	826	5792	172
gene-KQ76_RS06680	99	107	99	141
gene-KQ76_RS06685	76	168	52	47
gene-KQ76_RS06690	90	33	200	21
gene-KQ76_RS06695	27	13	43	6
gene-KQ76_RS06700	27	41	52	14
gene-KQ76_RS06705	21	9	28	3
gene-KQ76_RS06710	1	4	0	7
gene-KQ76_RS06715	49	155	59	31
gene-KQ76_RS06720	1949	175	1656	83
gene-KQ76_RS06725	59	58	76	21
gene-KQ76_RS06730	53	20	42	8
gene-KQ76_RS06735	20	19	49	10
gene-KQ76_RS06740	17	14	26	5
gene-KQ76_RS06745	22	33	17	18
gene-KQ76_RS06750	1482	1872	2273	515
gene-KQ76_RS06755	3853	349	4880	93
gene-KQ76_RS06760	1550	2193	2868	854
gene-KQ76_RS06765	1313	4197	2326	1819
gene-KQ76_RS06770	1714	4930	2607	2422
gene-KQ76_RS06775	1275	6259	1751	3448
gene-KQ76_RS06780	868	5753	1068	3151
gene-KQ76_RS06785	405	1267	412	549
gene-KQ76_RS06790	513	28	459	20
gene-KQ76_RS06795	1521	3948	1676	1981
gene-KQ76_RS06800	1	1	0	0
gene-KQ76_RS06805	12558	5238	12511	1884
gene-KQ76_RS06815	57	400	71	255
gene-KQ76_RS06820	114	944	68	499
gene-KQ76_RS06825	2127	6876	2360	2866
gene-KQ76_RS06830	5562	16450	6666	7368
gene-KQ76_RS06835	183	55	188	18
gene-KQ76_RS06840	800	226	1152	79
gene-KQ76_RS06845	225	547	290	158
gene-KQ76_RS06850	944	2919	1193	810
gene-KQ76_RS06855	6975	19747	10408	7211
gene-KQ76_RS06860	25312	1494	25872	551
gene-KQ76_RS06865	70015	7604	82386	2569
gene-KQ76_RS06870	1153	188	1484	65
gene-KQ76_RS06875	734	100	1255	44
gene-KQ76_RS06880	2	0	1	0
gene-KQ76_RS06885	0	2	0	0
gene-KQ76_RS06890	751	514	664	226
gene-KQ76_RS06895	1517	1215	1289	493
gene-KQ76_RS06900	228	298	175	158
gene-KQ76_RS06905	740	554	1005	210
gene-KQ76_RS06915	7	5	11	7
gene-KQ76_RS06920	3183	2227	3787	1421
gene-KQ76_RS06925	13828	9024	16644	5600
gene-KQ76_RS06930	6414	6508	7540	4605
gene-KQ76_RS06935	13461	22122	15402	20310
gene-KQ76_RS06940	6767	354	8143	158
gene-KQ76_RS06945	1709	164	1616	71
gene-KQ76_RS06950	618	34	714	8
gene-KQ76_RS06955	1058	594	1144	331
gene-KQ76_RS06960	1190	2042	1756	940
gene-KQ76_RS06965	80	186	104	44
gene-KQ76_RS06970	32	189	30	77
gene-KQ76_RS06975	23	7	16	5
gene-KQ76_RS06985	31	1	33	1
gene-KQ76_RS06990	884	378	1590	153
gene-KQ76_RS06995	759	129	700	65
gene-KQ76_RS07000	1309	208	1639	116
gene-KQ76_RS07005	1802	241	2732	152
gene-KQ76_RS07010	428	112	788	55
gene-KQ76_RS07015	1989	989	2440	435
gene-KQ76_RS07020	4165	980	5808	243
gene-KQ76_RS07025	40	7	41	0
gene-KQ76_RS07030	138	16	110	3
gene-KQ76_RS07035	109	23	106	12
gene-KQ76_RS07040	1444	1288	1547	232
gene-KQ76_RS07045	3066	642	3322	297
gene-KQ76_RS07050	1389	696	1214	644
gene-KQ76_RS07060	2697	2313	2517	942
gene-KQ76_RS07065	20650	11007	27184	2882
gene-KQ76_RS07070	351	448	298	88
gene-KQ76_RS07075	627	816	709	418
gene-KQ76_RS07080	430	1071	436	566
gene-KQ76_RS07085	6920	18784	12705	7535
gene-KQ76_RS07090	2355	123	2358	54
gene-KQ76_RS07095	726	656	878	163
gene-KQ76_RS07100	1196	469	1600	177
gene-KQ76_RS07105	1107	614	1432	153
gene-KQ76_RS07110	117	281	247	67
gene-KQ76_RS07115	20668	59957	21071	29445
gene-KQ76_RS07120	143	35	165	8
gene-KQ76_RS07125	206	55	200	17
gene-KQ76_RS07130	3512	2314	3833	831
gene-KQ76_RS07135	3920	2133	4675	1043
gene-KQ76_RS07140	1946	854	2564	393
gene-KQ76_RS07145	1690	676	2549	296
gene-KQ76_RS07150	786	29	1157	4
gene-KQ76_RS07155	1266	42	1690	16
gene-KQ76_RS07160	1459	176	2791	25
gene-KQ76_RS07165	69	55	49	26
gene-KQ76_RS07175	90892	116920	100480	83410
gene-KQ76_RS07180	4591	1816	6338	523
gene-KQ76_RS07185	3754	2134	5902	675
gene-KQ76_RS07190	15856	67692	23153	22967
gene-KQ76_RS07195	35	209	7	11
gene-KQ76_RS07205	0	1	0	0
gene-KQ76_RS07210	173	467	264	298
gene-KQ76_RS07215	185	56	260	36
gene-KQ76_RS07220	1093	6479	1100	2366
gene-KQ76_RS07225	3	0	1	0
gene-KQ76_RS07230	16137	8320	20217	2958
gene-KQ76_RS07235	503	113	639	119
gene-KQ76_RS07240	194	66	148	30
gene-KQ76_RS07245	68	363	45	210
gene-KQ76_RS07250	1901	1337	2102	662
gene-KQ76_RS07255	31	35	41	5
gene-KQ76_RS07260	53	144	36	49
gene-KQ76_RS07270	14	39	30	38
gene-KQ76_RS07275	4	9	6	4
gene-KQ76_RS07280	2	8	0	2
gene-KQ76_RS07285	262	3302	388	1466
gene-KQ76_RS07290	240	4469	435	3274
gene-KQ76_RS07295	58	16	91	6
gene-KQ76_RS07300	15	2	31	6
gene-KQ76_RS07305	25	40	36	11
gene-KQ76_RS07310	14	21	23	7
gene-KQ76_RS07315	3	1	1	0
gene-KQ76_RS07320	389	103	512	72
gene-KQ76_RS07325	82	20	101	5
gene-KQ76_RS07330	429	117	537	62
gene-KQ76_RS07335	3	0	6	0
gene-KQ76_RS07340	24	11	19	2
gene-KQ76_RS07345	171	138	240	45
gene-KQ76_RS07350	36	13	34	10
gene-KQ76_RS07355	33	12	41	10
gene-KQ76_RS07360	35	26	48	17
gene-KQ76_RS07365	22	15	32	17
gene-KQ76_RS07370	1	2	2	3
gene-KQ76_RS07375	177	35	283	30
gene-KQ76_RS07380	40	21	48	14
gene-KQ76_RS07385	75	20	96	11
gene-KQ76_RS07390	0	0	0	0
gene-KQ76_RS07395	77	31	74	20
gene-KQ76_RS07400	25	7	33	9
gene-KQ76_RS07405	20	7	20	9
gene-KQ76_RS07410	14	2	6	3
gene-KQ76_RS07415	132	126	172	67
gene-KQ76_RS07425	12	30	18	15
gene-KQ76_RS07430	30	114	37	45
gene-KQ76_RS07435	2	4	4	3
gene-KQ76_RS07440	29	19	12	9
gene-KQ76_RS07445	4	4	1	3
gene-KQ76_RS07450	1	4	2	1
gene-KQ76_RS07455	231	180	211	114
gene-KQ76_RS07460	19	30	11	7
gene-KQ76_RS07465	21	21	33	31
gene-KQ76_RS07470	78	77	73	49
gene-KQ76_RS07475	24	18	16	8
gene-KQ76_RS07480	71	58	106	46
gene-KQ76_RS07485	21	38	23	31
gene-KQ76_RS07490	1	0	1	1
gene-KQ76_RS07495	194	188	218	135
gene-KQ76_RS07500	385	310	317	204
gene-KQ76_RS07505	712	2486	670	1717
gene-KQ76_RS07510	282	321	252	246
gene-KQ76_RS07515	132	220	148	145
gene-KQ76_RS07520	173	255	132	205
gene-KQ76_RS07525	23	35	16	18
gene-KQ76_RS07530	44	56	17	21
gene-KQ76_RS07535	42	85	21	53
gene-KQ76_RS07540	24	54	42	56
gene-KQ76_RS07545	81	139	58	107
gene-KQ76_RS07555	86	188	80	115
gene-KQ76_RS07560	713	1101	448	854
gene-KQ76_RS07565	162	381	93	215
gene-KQ76_RS07570	947	2168	1047	1044
gene-KQ76_RS07575	178	609	201	438
gene-KQ76_RS07580	142	650	176	681
gene-KQ76_RS07585	1400	3220	1722	2061
gene-KQ76_RS07590	1819	2766	2112	1228
gene-KQ76_RS07595	739	735	1115	377
gene-KQ76_RS07600	926	524	1091	145
gene-KQ76_RS07605	2013	918	2218	341
gene-KQ76_RS07610	625	220	731	103
gene-KQ76_RS07615	1143	210	1469	50
gene-KQ76_RS07620	925	582	1393	340
gene-KQ76_RS07625	2184	102	4265	62
gene-KQ76_RS07630	4901	902	10854	269
gene-KQ76_RS07635	861	135	1064	35
gene-KQ76_RS07640	529	139	519	18
gene-KQ76_RS07645	855	500	932	116
gene-KQ76_RS07650	48	299	79	272
gene-KQ76_RS07655	1086	1735	1137	486
gene-KQ76_RS07660	1456	4952	1640	2696
gene-KQ76_RS07665	148	188	145	81
gene-KQ76_RS07670	2024	11999	1981	6661
gene-KQ76_RS07675	12	3	8	3
gene-KQ76_RS07680	48	62	111	53
gene-KQ76_RS07685	1409	612	2229	374
gene-KQ76_RS07690	377	57	517	53
gene-KQ76_RS07695	10348	16166	15486	4025
gene-KQ76_RS07700	3111	1408	3716	468
gene-KQ76_RS07705	5620	1155	10931	429
gene-KQ76_RS07710	1992	777	3574	173
gene-KQ76_RS07715	7	25	12	6
gene-KQ76_RS07720	66	2278	103	994
gene-KQ76_RS07725	30	33	15	6
gene-KQ76_RS07730	47	18	21	7
gene-KQ76_RS07735	31809	36041	44853	14150
gene-KQ76_RS07740	2484	1983	2872	373
gene-KQ76_RS07745	4	15	2	19
gene-KQ76_RS07750	1218	303	1420	106
gene-KQ76_RS07755	428	772	677	454
gene-KQ76_RS07760	8515	153	13133	60
gene-KQ76_RS07765	3717	88	4995	36
gene-KQ76_RS07770	3742	124	5656	51
gene-KQ76_RS07775	4082	229	5103	89
gene-KQ76_RS07780	3179	416	3885	111
gene-KQ76_RS07785	890	1456	905	447
gene-KQ76_RS07790	680	44	1089	3
gene-KQ76_RS07795	80	24	123	1
gene-KQ76_RS07800	2304	580	3556	127
gene-KQ76_RS07805	1643	560	2342	118
gene-KQ76_RS07810	1122	490	1771	117
gene-KQ76_RS07815	2622	600	3455	215
gene-KQ76_RS07820	536	237	671	111
gene-KQ76_RS07825	8776	1614	14036	649
gene-KQ76_RS07830	573	770	432	418
gene-KQ76_RS07835	556	2201	765	658
gene-KQ76_RS07840	92	305	99	98
gene-KQ76_RS07845	1705	2319	2366	920
gene-KQ76_RS07850	1283	10170	2107	5265
gene-KQ76_RS07855	16259	4275	23837	1800
gene-KQ76_RS07860	9136	2141	13057	871
gene-KQ76_RS07865	2266	897	3875	290
gene-KQ76_RS07870	510	1482	601	348
gene-KQ76_RS07875	0	0	0	0
gene-KQ76_RS07880	1	4	2	0
gene-KQ76_RS07885	0	0	1	1
gene-KQ76_RS07890	6	1	2	0
gene-KQ76_RS07895	5	0	4	0
gene-KQ76_RS07900	13	2	23	7
gene-KQ76_RS07905	36	72	69	50
gene-KQ76_RS07910	3259	686	4580	364
gene-KQ76_RS07915	1009	193	1494	74
gene-KQ76_RS07920	1602	104	2152	54
gene-KQ76_RS07925	32	5	30	0
gene-KQ76_RS07930	1908	89	3090	71
gene-KQ76_RS07935	409	19	381	5
gene-KQ76_RS07940	487	1745	396	638
gene-KQ76_RS07945	3285	323	3456	69
gene-KQ76_RS07950	15286	95079	14827	62215
gene-KQ76_RS07955	130	238	57	77
gene-KQ76_RS07960	391	973	372	466
gene-KQ76_RS07965	194	805	168	411
gene-KQ76_RS07970	1870	588	1976	241
gene-KQ76_RS07975	1670	829	1803	426
gene-KQ76_RS07980	787	284	1079	91
gene-KQ76_RS07985	244	59	339	31
gene-KQ76_RS07990	4276	1033	5393	315
gene-KQ76_RS07995	2614	1314	2585	357
gene-KQ76_RS08000	1928	1976	2517	569
gene-KQ76_RS08005	1145	3245	1452	1682
gene-KQ76_RS08010	15888	4483	18584	2121
gene-KQ76_RS08015	1727	941	2491	391
gene-KQ76_RS08020	3259	1551	4413	461
gene-KQ76_RS08025	1059	570	1317	215
gene-KQ76_RS08030	533	291	550	68
gene-KQ76_RS08035	1315	556	1344	153
gene-KQ76_RS08040	3353	2887	3928	614
gene-KQ76_RS08045	16917	11064	23829	4369
gene-KQ76_RS08050	22113	8609	36179	3318
gene-KQ76_RS08055	11082	6642	14377	2709
gene-KQ76_RS08060	6876	10629	6629	5331
gene-KQ76_RS08065	1347	1093	1985	517
gene-KQ76_RS08070	451	364	551	326
gene-KQ76_RS08075	2037	2392	2824	1199
gene-KQ76_RS08080	1921	2075	2658	947
gene-KQ76_RS08085	26790	54373	32648	26025
gene-KQ76_RS08090	7066	22126	5855	10490
gene-KQ76_RS08095	7173	29735	5862	19581
gene-KQ76_RS08100	255	60	289	17
gene-KQ76_RS08105	1986	233	1901	77
gene-KQ76_RS08110	1912	8176	2298	6003
gene-KQ76_RS08115	137	292	110	70
gene-KQ76_RS08120	77	43	107	54
gene-KQ76_RS08125	341	1511	667	865
gene-KQ76_RS08130	60	16	74	7
gene-KQ76_RS08135	989	271	997	73
gene-KQ76_RS08140	360	228	424	81
gene-KQ76_RS08145	846	157	1285	51
gene-KQ76_RS08150	481	125	647	65
gene-KQ76_RS08155	49	23	59	3
gene-KQ76_RS08160	434	160	480	66
gene-KQ76_RS08165	1248	640	1416	257
gene-KQ76_RS08170	371	334	390	129
gene-KQ76_RS08175	378	400	425	225
gene-KQ76_RS08185	5	2	5	0
gene-KQ76_RS08200	468	376	524	190
gene-KQ76_RS08205	538	142	583	66
gene-KQ76_RS08210	267	64	253	23
gene-KQ76_RS08215	450	83	298	36
gene-KQ76_RS08220	54	25	29	12
gene-KQ76_RS08225	248	95	220	26
gene-KQ76_RS08230	43	11	42	6
gene-KQ76_RS08235	1973	3057	3152	886
gene-KQ76_RS08240	1671	906	2295	328
gene-KQ76_RS08245	2003	633	2288	245
gene-KQ76_RS08250	446	380	427	122
gene-KQ76_RS08255	68	83	37	49
gene-KQ76_RS08260	1144	3365	1021	1876
gene-KQ76_RS08265	3166	19063	4789	7781
gene-KQ76_RS08270	1921	13878	1963	5095
gene-KQ76_RS08275	7255	9721	12274	3730
gene-KQ76_RS08280	1493	155	1604	59
gene-KQ76_RS08285	142	20	151	5
gene-KQ76_RS08290	2553	2615	3022	947
gene-KQ76_RS08295	1492	6639	2192	2800
gene-KQ76_RS08300	493	5182	483	2202
gene-KQ76_RS08305	4	12	3	0
gene-KQ76_RS08310	6	20	1	0
gene-KQ76_RS08315	451	821	909	318
gene-KQ76_RS08320	4309	4261	5127	1797
gene-KQ76_RS08325	538	281	629	73
gene-KQ76_RS08330	0	0	0	0
gene-KQ76_RS08335	6824	894	10690	417
gene-KQ76_RS08340	1120	273	1315	86
gene-KQ76_RS08345	1088	968	1037	325
gene-KQ76_RS08350	1245	1082	1336	340
gene-KQ76_RS08355	2954	1738	3994	1573
gene-KQ76_RS08360	520	140	665	34
gene-KQ76_RS08365	887	168	799	32
gene-KQ76_RS08370	7061	1299	7548	396
gene-KQ76_RS08375	868	1333	480	510
gene-KQ76_RS08380	2368	1249	2828	207
gene-KQ76_RS08385	1392	448	1892	237
gene-KQ76_RS08390	2247	1010	2840	419
gene-KQ76_RS08395	962	672	1352	250
gene-KQ76_RS08400	1157	1157	1393	469
gene-KQ76_RS08405	3540	3052	5324	1640
gene-KQ76_RS08410	9261	24659	14900	17014
gene-KQ76_RS08415	4567	4644	9156	2384
gene-KQ76_RS08420	5145	6374	9220	3343
gene-KQ76_RS08425	592	314	568	38
gene-KQ76_RS08430	1459	1542	1480	418
gene-KQ76_RS08435	490	2611	287	1051
gene-KQ76_RS08440	2045	11732	1326	4279
gene-KQ76_RS08445	192	201	146	75
gene-KQ76_RS08450	9	45	11	16
gene-KQ76_RS08455	2	0	1	1
gene-KQ76_RS08465	5184	663	6726	205
gene-KQ76_RS08470	7657	736	10775	209
gene-KQ76_RS08475	657	1085	905	368
gene-KQ76_RS08480	554	1259	654	383
gene-KQ76_RS08485	10	47	13	50
gene-KQ76_RS08490	6831	2381	10231	897
gene-KQ76_RS08495	2433	1264	3122	526
gene-KQ76_RS08500	217	54	244	13
gene-KQ76_RS08505	653	118	901	28
gene-KQ76_RS08510	288	93	446	38
gene-KQ76_RS08515	9498	11352	16257	3647
gene-KQ76_RS08520	236	555	284	196
gene-KQ76_RS08525	7465	27775	9890	14223
gene-KQ76_RS08530	12859	16738	17358	5008
gene-KQ76_RS08535	1	0	3	0
gene-KQ76_RS08540	784	135	734	51
gene-KQ76_RS08545	145	163	145	59
gene-KQ76_RS08555	622	280	1103	129
gene-KQ76_RS08560	519	220	982	125
gene-KQ76_RS08565	1284	481	1995	251
gene-KQ76_RS08570	1402	1209	2042	394
gene-KQ76_RS08575	32581	4311	73759	1437
gene-KQ76_RS08580	1838	1388	2603	108
gene-KQ76_RS08585	3259	357	4837	124
gene-KQ76_RS08590	5365	469	8234	240
gene-KQ76_RS08595	1387	782	2103	513
gene-KQ76_RS08600	22743	559	30090	87
gene-KQ76_RS08605	860	169	628	62
gene-KQ76_RS08610	3649	896	3133	303
gene-KQ76_RS08615	8839	4740	9494	1706
gene-KQ76_RS08620	216	89	207	24
gene-KQ76_RS08625	1257	240	1074	37
gene-KQ76_RS08630	608	499	665	194
gene-KQ76_RS08640	25569	14294	27498	7186
gene-KQ76_RS08645	22429	14002	25933	5272
gene-KQ76_RS08650	4421	1697	4763	742
gene-KQ76_RS08655	56792	13858	79368	5390
gene-KQ76_RS08660	10533	2315	15421	946
gene-KQ76_RS08665	3249	745	4135	270
gene-KQ76_RS08670	4661	1199	5925	498
gene-KQ76_RS08675	3712	1351	5501	384
gene-KQ76_RS08680	6059	418	6289	124
gene-KQ76_RS08685	1816	282	1965	77
gene-KQ76_RS08690	1788	781	1690	255
gene-KQ76_RS08695	15718	28004	22704	20294
gene-KQ76_RS08700	2935	1576	3492	865
gene-KQ76_RS08705	2479	8289	3258	3868
gene-KQ76_RS08710	19	4	6	5
gene-KQ76_RS08715	15913	1739	24172	604
gene-KQ76_RS08720	81741	152740	99495	92533
gene-KQ76_RS08725	17693	3392	23601	1058
gene-KQ76_RS08730	229	43	145	5
gene-KQ76_RS08735	2717	6886	4144	3139
gene-KQ76_RS08740	582	379	973	215
gene-KQ76_RS08745	638	448	823	152
gene-KQ76_RS08750	168	243	244	67
gene-KQ76_RS08755	0	0	0	0
gene-KQ76_RS08760	20678	8836	26322	2796
gene-KQ76_RS08765	878	5272	1495	2325
gene-KQ76_RS08770	17242	10458	31496	4438
gene-KQ76_RS08780	504	164	506	80
gene-KQ76_RS08785	428	971	561	697
gene-KQ76_RS08790	383	246	515	77
gene-KQ76_RS08795	1568	517	1766	154
gene-KQ76_RS08800	0	0	0	0
gene-KQ76_RS08805	918	1074	1387	435
gene-KQ76_RS08810	3607	345	3965	141
gene-KQ76_RS08815	356	184	524	62
gene-KQ76_RS08820	4449	2331	5826	1414
gene-KQ76_RS08825	2615	238	3431	101
gene-KQ76_RS08830	413	734	498	121
gene-KQ76_RS08840	113	36	120	12
gene-KQ76_RS08845	0	0	0	0
gene-KQ76_RS08850	12658	4320	15998	1283
gene-KQ76_RS08855	7713	329	10070	96
gene-KQ76_RS08860	412	51	594	11
gene-KQ76_RS08865	1434	36	1711	12
gene-KQ76_RS08870	3695	10388	4805	4620
gene-KQ76_RS08875	0	0	0	0
gene-KQ76_RS08880	3075	1246	4992	408
gene-KQ76_RS08885	0	0	0	0
gene-KQ76_RS08890	1912	1048	3172	286
gene-KQ76_RS08895	6014	2200	8007	1033
gene-KQ76_RS08900	3922	489	5202	153
gene-KQ76_RS08905	7614	349	9113	137
gene-KQ76_RS08910	317	79	346	10
gene-KQ76_RS08915	274	70	248	20
gene-KQ76_RS08920	1130	2858	1564	1349
gene-KQ76_RS08925	2403	12407	4013	5377
gene-KQ76_RS08930	470	884	531	216
gene-KQ76_RS08935	1469	2078	1989	1032
gene-KQ76_RS08940	1913	321	2862	87
gene-KQ76_RS08945	2739	1151	4298	452
gene-KQ76_RS08950	4561	145	5710	59
gene-KQ76_RS08955	2803	6274	4612	4416
gene-KQ76_RS08960	1094	385	1128	122
gene-KQ76_RS08965	1863	668	2087	218
gene-KQ76_RS08970	3154	689	4180	200
gene-KQ76_RS08975	466	36	603	11
gene-KQ76_RS08980	388	162	498	94
gene-KQ76_RS08985	1012	462	1204	190
gene-KQ76_RS08990	8157	4194	11167	1347
gene-KQ76_RS08995	407	174	489	46
gene-KQ76_RS09000	308	943	539	329
gene-KQ76_RS09005	186	473	244	154
gene-KQ76_RS09010	5786	1215	5522	544
gene-KQ76_RS09015	2225	2153	2544	747
gene-KQ76_RS09020	0	0	2	0
gene-KQ76_RS09025	35885	1634	50321	146
gene-KQ76_RS09030	520	64	929	35
gene-KQ76_RS09035	1831	264	3041	130
gene-KQ76_RS09040	1564	192	2713	115
gene-KQ76_RS09045	3998	591	6297	345
gene-KQ76_RS09050	17	12	13	4
gene-KQ76_RS09055	28	10	20	14
gene-KQ76_RS09060	85	20	59	15
gene-KQ76_RS09065	2226	2621	2535	723
gene-KQ76_RS09070	257	475	266	117
gene-KQ76_RS09075	143	38	117	47
gene-KQ76_RS09080	131	31	131	15
gene-KQ76_RS09085	75	478	58	195
gene-KQ76_RS09090	596	33	667	5
gene-KQ76_RS09095	232	22	312	11
gene-KQ76_RS09100	6893	25447	9814	7110
gene-KQ76_RS09105	3	10	0	9
gene-KQ76_RS09110	5	5	12	12
gene-KQ76_RS09115	30	11	21	1
gene-KQ76_RS09120	727	6675	947	2951
gene-KQ76_RS09125	1943	4166	2476	1638
gene-KQ76_RS09130	3084	196	4244	101
gene-KQ76_RS09135	8436	1719	15169	619
gene-KQ76_RS09140	92	7	86	4
gene-KQ76_RS09145	55	3	84	0
gene-KQ76_RS09150	1042	3735	1318	2358
gene-KQ76_RS09155	1076	31	1693	15
gene-KQ76_RS09160	439	54	753	14
gene-KQ76_RS09165	1	3	1	0
gene-KQ76_RS09170	6354	1117	6223	277
gene-KQ76_RS09175	9071	1608	9711	348
gene-KQ76_RS09180	52	2	50	0
gene-KQ76_RS09185	64	8	45	6
gene-KQ76_RS09190	109	24	96	6
gene-KQ76_RS09195	1815	381	2644	54
gene-KQ76_RS09200	1223	671	1580	201
gene-KQ76_RS09205	17	38	31	25
gene-KQ76_RS09210	1	3	2	0
gene-KQ76_RS09215	32	19	22	2
gene-KQ76_RS09220	16	27	27	1
gene-KQ76_RS09230	80	30	118	5
gene-KQ76_RS09235	211	66	220	9
gene-KQ76_RS09240	376	105	409	16
gene-KQ76_RS09245	874	418	1226	88
gene-KQ76_RS09250	110	19	123	8
gene-KQ76_RS09255	30	10	22	2
gene-KQ76_RS09260	134	24	218	18
gene-KQ76_RS09265	699	62	1249	28
gene-KQ76_RS09270	0	0	0	0
gene-KQ76_RS09275	7	0	8	0
gene-KQ76_RS09280	11	3	3	2
gene-KQ76_RS09285	18	6	16	2
gene-KQ76_RS09290	26	3	25	4
gene-KQ76_RS09295	37	14	34	0
gene-KQ76_RS09300	4	0	0	0
gene-KQ76_RS09305	66	6	47	0
gene-KQ76_RS09310	10	16	5	2
gene-KQ76_RS09320	499	143	566	52
gene-KQ76_RS09325	60	19	41	3
gene-KQ76_RS09330	84	7	77	6
gene-KQ76_RS09335	35	17	38	1
gene-KQ76_RS09340	28	5	10	7
gene-KQ76_RS09345	3	1	5	3
gene-KQ76_RS09350	1	0	0	0
gene-KQ76_RS09355	0	0	0	0
gene-KQ76_RS09360	0	0	0	0
gene-KQ76_RS09365	0	0	0	0
gene-KQ76_RS09370	0	0	0	0
gene-KQ76_RS09375	0	0	0	0
gene-KQ76_RS09380	0	0	0	0
gene-KQ76_RS09385	7	16	0	0
gene-KQ76_RS09390	116	15	103	6
gene-KQ76_RS09400	3306	606	4738	270
gene-KQ76_RS09405	1158	957	1519	286
gene-KQ76_RS09410	1012	2056	1221	924
gene-KQ76_RS09415	0	0	0	0
gene-KQ76_RS09420	2576	4727	3566	1418
gene-KQ76_RS09425	864	41	759	17
gene-KQ76_RS09430	622	1362	754	1078
gene-KQ76_RS09435	2050	4962	2518	2753
gene-KQ76_RS09440	4106	6768	5372	3839
gene-KQ76_RS09445	11	35	7	25
gene-KQ76_RS09450	6737	11719	8189	3987
gene-KQ76_RS09455	8595	549	11346	184
gene-KQ76_RS09460	15699	601	18025	152
gene-KQ76_RS09465	1681	292	2279	64
gene-KQ76_RS09475	4752	35935	5955	17790
gene-KQ76_RS09480	122	181	162	41
gene-KQ76_RS09485	102	62	62	54
gene-KQ76_RS09490	79	47	150	9
gene-KQ76_RS09495	129	185	207	105
gene-KQ76_RS09500	1226	456	1899	200
gene-KQ76_RS09505	15606	1696	23403	498
gene-KQ76_RS09510	71	57	91	13
gene-KQ76_RS09520	369	689	245	141
gene-KQ76_RS09525	2507	3953	2785	1292
gene-KQ76_RS09530	151	60	92	8
gene-KQ76_RS09535	652	206	672	75
gene-KQ76_RS09540	3677	246	3246	85
gene-KQ76_RS09545	5116	665	5606	327
gene-KQ76_RS09550	471	213	718	61
gene-KQ76_RS09555	38	8	21	23
gene-KQ76_RS09560	16	6	2	1
gene-KQ76_RS09565	0	0	0	0
gene-KQ76_RS09570	0	0	0	0
gene-KQ76_RS09575	0	0	0	0
gene-KQ76_RS09580	0	0	0	0
gene-KQ76_RS09585	0	0	0	0
gene-KQ76_RS09590	0	0	0	0
gene-KQ76_RS09595	0	0	0	0
gene-KQ76_RS09600	0	0	0	0
gene-KQ76_RS09605	0	0	0	0
gene-KQ76_RS09610	1	0	0	0
gene-KQ76_RS09615	3	0	1	0
gene-KQ76_RS09620	0	0	0	0
gene-KQ76_RS09625	0	0	0	0
gene-KQ76_RS09630	0	0	1	0
gene-KQ76_RS09635	0	0	0	0
gene-KQ76_RS09640	0	0	0	0
gene-KQ76_RS09645	0	0	0	0
gene-KQ76_RS09650	0	0	0	0
gene-KQ76_RS09655	0	0	0	0
gene-KQ76_RS09660	0	0	0	0
gene-KQ76_RS09665	0	0	0	0
gene-KQ76_RS09670	0	0	0	0
gene-KQ76_RS09675	0	0	0	0
gene-KQ76_RS09680	0	0	0	0
gene-KQ76_RS09685	234	1414	485	424
gene-KQ76_RS09690	1111	202	1143	44
gene-KQ76_RS09695	8	13	2	1
gene-KQ76_RS09700	7	28	9	15
gene-KQ76_RS09705	13068	9162	12638	5087
gene-KQ76_RS09710	1739	1893	2393	995
gene-KQ76_RS09715	665	1063	886	628
gene-KQ76_RS09720	1557	8164	1703	3681
gene-KQ76_RS09725	1476	1280	1851	425
gene-KQ76_RS09735	1071	1249	1224	227
gene-KQ76_RS09740	262	326	148	187
gene-KQ76_RS09745	145	59	171	27
gene-KQ76_RS09750	5766	26588	7511	12875
gene-KQ76_RS09760	404	66	590	12
gene-KQ76_RS09765	274	28	471	6
gene-KQ76_RS09770	48	135	56	68
gene-KQ76_RS09775	193	574	247	222
gene-KQ76_RS09780	5804	2995	7133	721
gene-KQ76_RS09785	1218	706	1422	271
gene-KQ76_RS09790	214	144	179	44
gene-KQ76_RS09795	459	1833	557	822
gene-KQ76_RS09800	1332	451	1584	178
gene-KQ76_RS09805	1938	631	2631	316
gene-KQ76_RS09810	19	30	16	5
gene-KQ76_RS09815	802	706	1420	381
gene-KQ76_RS09820	2425	2638	2644	1475
gene-KQ76_RS09825	473	81	459	33
gene-KQ76_RS09830	1162	414	1585	107
gene-KQ76_RS09835	1489	500	2015	141
gene-KQ76_RS09840	293	99	355	34
gene-KQ76_RS09845	142	81	97	12
gene-KQ76_RS09850	1406	830	1473	182
gene-KQ76_RS09865	70	25	69	7
gene-KQ76_RS09870	6	17	3	1
gene-KQ76_RS09875	0	0	0	0
gene-KQ76_RS09880	1214	72	1213	33
gene-KQ76_RS09885	1260	247	1664	68
gene-KQ76_RS09890	4828	44268	16252	29683
gene-KQ76_RS09895	2	0	4	0
gene-KQ76_RS09900	137	206	214	42
gene-KQ76_RS09905	969	1598	1097	560
gene-KQ76_RS09910	957	908	1209	252
gene-KQ76_RS09915	1008	1174	1148	599
gene-KQ76_RS09920	1342	449	2348	145
gene-KQ76_RS09925	0	0	0	0
gene-KQ76_RS09930	11773	501	13657	169
gene-KQ76_RS09935	3144	131	2349	44
gene-KQ76_RS09940	6	14	3	8
gene-KQ76_RS09945	3328	1379	5109	793
gene-KQ76_RS09950	3652	1694	4553	589
gene-KQ76_RS09955	4471	914	5515	365
gene-KQ76_RS09960	2077	569	1970	137
gene-KQ76_RS09965	255	431	311	160
gene-KQ76_RS09970	2746	263	1899	91
gene-KQ76_RS09975	7211	287	5826	60
gene-KQ76_RS09980	176	168	550	75
gene-KQ76_RS09985	48	20	91	0
gene-KQ76_RS09990	594	187	646	92
gene-KQ76_RS09995	1760	488	1902	165
gene-KQ76_RS10000	2764	349	3653	111
gene-KQ76_RS10005	1628	113	1893	48
gene-KQ76_RS10010	571	410	738	83
gene-KQ76_RS10015	263	33	293	3
gene-KQ76_RS10020	1	1	1	0
gene-KQ76_RS10025	4654	46	4041	20
gene-KQ76_RS10030	38	6	85	6
gene-KQ76_RS10035	1076	1492	2288	1305
gene-KQ76_RS10040	14459	6904	21809	2656
gene-KQ76_RS10045	0	0	0	0
gene-KQ76_RS10050	2651	777	3064	311
gene-KQ76_RS10055	2482	187	2332	66
gene-KQ76_RS10060	244	495	397	289
gene-KQ76_RS10065	187	1400	153	132
gene-KQ76_RS10070	386	71	595	42
gene-KQ76_RS10075	1134	287	1265	135
gene-KQ76_RS10080	274	19	399	5
gene-KQ76_RS10085	173	82	181	41
gene-KQ76_RS10090	6932	60482	8887	42771
gene-KQ76_RS10095	100	39	145	0
gene-KQ76_RS10100	526	250	515	129
gene-KQ76_RS10105	165	33	171	6
gene-KQ76_RS10110	690	174	752	84
gene-KQ76_RS10115	335	148	386	136
gene-KQ76_RS10120	53	93	25	24
gene-KQ76_RS10125	34	43	21	30
gene-KQ76_RS10130	7522	4791	10191	1746
gene-KQ76_RS10135	466	29404	614	12652
gene-KQ76_RS10145	3218	96576	4790	67054
gene-KQ76_RS10150	802	312	965	127
gene-KQ76_RS10155	289	3181	420	1727
gene-KQ76_RS10160	628	453	871	225
gene-KQ76_RS10165	197	600	301	351
gene-KQ76_RS10175	496	110	440	34
gene-KQ76_RS10180	515	241	732	33
gene-KQ76_RS10185	351	236	358	44
gene-KQ76_RS10190	408	62	371	27
gene-KQ76_RS10195	9	10	5	8
gene-KQ76_RS10200	0	1	0	0
gene-KQ76_RS10205	0	0	0	0
gene-KQ76_RS10215	0	0	0	0
gene-KQ76_RS10220	0	0	0	0
gene-KQ76_RS10225	49	511	36	65
gene-KQ76_RS10230	140	1934	124	459
gene-KQ76_RS10235	51	59	66	30
gene-KQ76_RS10240	4	6	9	2
gene-KQ76_RS10245	10	18	20	8
gene-KQ76_RS10250	102	160	180	109
gene-KQ76_RS10255	11	8	24	2
gene-KQ76_RS10260	1	0	0	0
gene-KQ76_RS10265	0	0	0	0
gene-KQ76_RS10270	3	6	4	1
gene-KQ76_RS10275	16	66	35	54
gene-KQ76_RS10280	3	9	11	12
gene-KQ76_RS10285	42	44	80	26
gene-KQ76_RS10290	212	7	293	5
gene-KQ76_RS10295	11417	29503	15708	18045
gene-KQ76_RS10300	1660	14564	2122	14972
gene-KQ76_RS10305	630	64	838	14
gene-KQ76_RS10310	4758	1721	5479	995
gene-KQ76_RS10315	513	294	669	76
gene-KQ76_RS10320	5094	4515	5896	2961
gene-KQ76_RS10330	1229	1899	1679	767
gene-KQ76_RS10335	34	30	16	6
gene-KQ76_RS10340	1130	645	1612	58
gene-KQ76_RS10345	1509	734	2175	115
gene-KQ76_RS10350	1151	638	1125	208
gene-KQ76_RS10355	1106	1176	1803	302
gene-KQ76_RS10360	160	57	125	54
gene-KQ76_RS10365	228	2039	454	1452
gene-KQ76_RS10370	129	17	274	9
gene-KQ76_RS10375	501	87	1250	56
gene-KQ76_RS10380	919	423	1283	120
gene-KQ76_RS10385	1193	124	1380	32
gene-KQ76_RS10390	4	0	2	2
gene-KQ76_RS10395	201	10	200	11
gene-KQ76_RS10400	665	215	677	71
gene-KQ76_RS10405	33	16	47	2
gene-KQ76_RS10410	62	174	103	70
gene-KQ76_RS10415	42	234	39	66
gene-KQ76_RS10420	0	0	0	0
gene-KQ76_RS10425	3026	1994	8305	923
gene-KQ76_RS10430	3253	5318	5427	2439
gene-KQ76_RS10435	375	751	377	379
gene-KQ76_RS10440	2450	3797	2284	2343
gene-KQ76_RS10445	2695	3278	2262	1846
gene-KQ76_RS10450	1450	855	1032	469
gene-KQ76_RS10455	1443	654	1091	410
gene-KQ76_RS10460	370	184	215	117
gene-KQ76_RS10465	835	235	560	158
gene-KQ76_RS10470	5	1	0	3
gene-KQ76_RS10475	1	0	0	0
gene-KQ76_RS10480	73	6	45	3
gene-KQ76_RS10485	4	9	2	2
gene-KQ76_RS10490	148	1093	110	282
gene-KQ76_RS10495	5	2	1	6
gene-KQ76_RS10500	266	235	339	88
gene-KQ76_RS10505	1199	938	1812	322
gene-KQ76_RS10510	564	9	514	8
gene-KQ76_RS10515	57	2	49	0
gene-KQ76_RS10520	184	59	163	34
gene-KQ76_RS10525	1838	377	2552	94
gene-KQ76_RS10535	861	313	1102	122
gene-KQ76_RS10540	714	280	436	58
gene-KQ76_RS10545	2567	1698	3310	766
gene-KQ76_RS10550	510	594	633	243
gene-KQ76_RS10555	279	343	322	142
gene-KQ76_RS10560	1129	1893	1789	743
gene-KQ76_RS10565	59	319	102	80
gene-KQ76_RS10570	8	14	17	7
gene-KQ76_RS10575	103	97	103	39
gene-KQ76_RS10580	24	14	25	17
gene-KQ76_RS10585	0	0	0	0
gene-KQ76_RS10590	213	2998	311	1334
gene-KQ76_RS10595	83	724	82	385
gene-KQ76_RS10600	3189	1992	3896	592
gene-KQ76_RS10605	7780	3580	8943	1348
gene-KQ76_RS10610	3504	3194	4192	1045
gene-KQ76_RS10615	1510	499	1828	333
gene-KQ76_RS10625	2207	1478	1146	610
gene-KQ76_RS10630	50	105	49	68
gene-KQ76_RS10635	40	159	26	121
gene-KQ76_RS10640	932	284	1457	77
gene-KQ76_RS10645	887	125	1064	47
gene-KQ76_RS10655	3129	1485	4338	637
gene-KQ76_RS10660	44	40	59	13
gene-KQ76_RS10665	26	5	22	7
gene-KQ76_RS10670	19	9	30	5
gene-KQ76_RS10675	24	34	16	35
gene-KQ76_RS10685	78	60	34	24
gene-KQ76_RS10690	52	96	138	102
gene-KQ76_RS10695	900	162	1314	50
gene-KQ76_RS10700	700	635	1054	284
gene-KQ76_RS10705	1469	652	2081	211
gene-KQ76_RS10710	71	60	64	8
gene-KQ76_RS10720	12103	2467	16988	1341
gene-KQ76_RS10725	57046	13270	98445	7021
gene-KQ76_RS10730	19980	4249	28831	1873
gene-KQ76_RS10735	27956	3525	43069	1489
gene-KQ76_RS10740	8057	2163	11480	896
gene-KQ76_RS10745	9100	2587	14785	1355
gene-KQ76_RS10750	4356	1330	7998	805
gene-KQ76_RS10755	17809	5187	27375	2045
gene-KQ76_RS10760	8093	3054	10245	1152
gene-KQ76_RS10765	27986	12221	39553	6365
gene-KQ76_RS10770	15529	8863	21854	4588
gene-KQ76_RS10775	42577	29619	63860	15741
gene-KQ76_RS10780	14542	13429	16995	8993
gene-KQ76_RS10785	87	15	133	4
gene-KQ76_RS10790	320	134	375	70
gene-KQ76_RS10795	1115	107	1214	47
gene-KQ76_RS10800	933	111	955	24
gene-KQ76_RS10805	260	104	222	32
gene-KQ76_RS10815	7667	10186	9260	7286
gene-KQ76_RS10820	3397	1397	6174	412
gene-KQ76_RS10825	1552	69055	1919	42894
gene-KQ76_RS10830	2345	1614	2095	537
gene-KQ76_RS10835	4877	1528	5044	532
gene-KQ76_RS10840	133875	13892	187399	4697
gene-KQ76_RS10845	173	14	172	5
gene-KQ76_RS10850	5004	301	6801	103
gene-KQ76_RS10855	448	1134	348	362
gene-KQ76_RS10860	269	93	284	26
gene-KQ76_RS10865	1407	878	1645	414
gene-KQ76_RS10870	640	299	809	91
gene-KQ76_RS10875	937	524	1111	194
gene-KQ76_RS10880	522	460	1067	180
gene-KQ76_RS10885	1719	3269	2062	1177
gene-KQ76_RS10890	4146	1397	4097	723
gene-KQ76_RS10895	11220	1537	15195	615
gene-KQ76_RS10905	3905	489	5437	153
gene-KQ76_RS10910	7070	1203	8590	232
gene-KQ76_RS10915	1774	21731	2127	7898
gene-KQ76_RS10920	570	6207	590	2870
gene-KQ76_RS10925	918	160	1822	44
gene-KQ76_RS10930	83	3	122	0
gene-KQ76_RS10935	189	33	223	18
gene-KQ76_RS10940	11	9	12	1
gene-KQ76_RS10945	573	41627	172	22207
gene-KQ76_RS10950	1940	82552	679	37592
gene-KQ76_RS10955	3134	1801	3397	401
gene-KQ76_RS10960	10199	19464	4724	2906
gene-KQ76_RS10965	2271	1074	2716	416
gene-KQ76_RS10970	396	139	793	81
gene-KQ76_RS10975	32849	694	37411	171
gene-KQ76_RS10980	3219	100	8924	35
gene-KQ76_RS10985	2775	91	5613	16
gene-KQ76_RS10990	363	16	516	3
gene-KQ76_RS10995	1543	161	2173	42
gene-KQ76_RS11000	399	255	442	79
gene-KQ76_RS11005	7131	1498	8751	628
gene-KQ76_RS11010	2399	679	2748	227
gene-KQ76_RS11015	2268	806	2782	382
gene-KQ76_RS11020	1748	196	2135	78
gene-KQ76_RS11025	0	0	1	0
gene-KQ76_RS11030	0	0	0	0
gene-KQ76_RS11035	0	0	0	0
gene-KQ76_RS11040	0	0	0	0
gene-KQ76_RS11045	0	0	0	0
gene-KQ76_RS11050	0	0	0	0
gene-KQ76_RS11055	0	0	0	0
gene-KQ76_RS11060	165	149	221	55
gene-KQ76_RS11065	2	2	1	1
gene-KQ76_RS11070	8	21	7	2
gene-KQ76_RS11075	7134	30069	8666	12765
gene-KQ76_RS11080	552	636	609	258
gene-KQ76_RS11085	103	157	97	57
gene-KQ76_RS11090	400	98	452	23
gene-KQ76_RS11095	617	55	860	20
gene-KQ76_RS11100	2768	2358	4407	250
gene-KQ76_RS11105	1505	4508	2708	1294
gene-KQ76_RS11110	7106	1966	7622	416
gene-KQ76_RS11115	634	52	794	5
gene-KQ76_RS11120	370	50	377	13
gene-KQ76_RS11125	104	4	100	3
gene-KQ76_RS11130	1585	48	1182	29
gene-KQ76_RS11135	0	0	0	0
gene-KQ76_RS11140	196	38	283	5
gene-KQ76_RS11145	423	125	578	50
gene-KQ76_RS11150	160	6	136	8
gene-KQ76_RS11155	885	205	984	56
gene-KQ76_RS11160	62	51	98	20
gene-KQ76_RS11165	9	4	16	1
gene-KQ76_RS11170	61	13	67	4
gene-KQ76_RS11175	107	47	145	11
gene-KQ76_RS11180	622	2976	902	1572
gene-KQ76_RS11185	9425	30092	10336	14011
gene-KQ76_RS11190	1713	1114	2153	362
gene-KQ76_RS11195	32632	5243	44629	1898
gene-KQ76_RS11200	31593	3237	51095	1042
gene-KQ76_RS11205	3202	727	5187	356
gene-KQ76_RS11210	14401	4656	22571	1681
gene-KQ76_RS11215	16917	6018	26905	2251
gene-KQ76_RS11230	556	1695	849	684
gene-KQ76_RS11235	926	1193	1377	463
gene-KQ76_RS11245	36	55	20	11
gene-KQ76_RS11250	3	39	2	17
gene-KQ76_RS11255	2	4	0	0
gene-KQ76_RS11260	1942	9615	2618	3879
gene-KQ76_RS11265	59	1038	145	463
gene-KQ76_RS11270	1	2	1	0
gene-KQ76_RS11275	148	225	341	112
gene-KQ76_RS11280	712	296	830	151
gene-KQ76_RS11285	515	153	774	37
gene-KQ76_RS11290	2	8	2	5
gene-KQ76_RS11295	1120	67	915	27
gene-KQ76_RS11300	1860	294	1825	91
gene-KQ76_RS11305	0	0	2	0
gene-KQ76_RS11310	6	11	4	34
gene-KQ76_RS11315	260	193	301	40
gene-KQ76_RS11320	13716	3552	19544	1225
gene-KQ76_RS11325	6864	1812	9138	732
gene-KQ76_RS11330	1230	313	1142	121
gene-KQ76_RS11335	908	202	881	107
gene-KQ76_RS11340	801	313	986	114
gene-KQ76_RS11345	424	637	617	312
gene-KQ76_RS11350	19718	12386	38686	5510
gene-KQ76_RS11355	38891	29247	68336	14503
gene-KQ76_RS11360	12467	10448	23725	6081
gene-KQ76_RS11365	12034	10692	22962	5478
gene-KQ76_RS11370	732	567	802	312
gene-KQ76_RS11375	11287	9800	17388	4677
gene-KQ76_RS11380	28121	23888	58084	11778
gene-KQ76_RS11385	54069	43604	103013	23666
gene-KQ76_RS11390	8554	13134	19979	7041
gene-KQ76_RS11395	4036	5171	8793	3571
gene-KQ76_RS11400	18765	27033	49713	17046
gene-KQ76_RS11405	6581	10228	13557	5017
gene-KQ76_RS11410	13957	20635	28318	10540
gene-KQ76_RS11415	10632	17118	24276	9165
gene-KQ76_RS11420	2307	4082	4033	1846
gene-KQ76_RS11425	15236	27113	35891	12504
gene-KQ76_RS11430	7315	10113	16539	5861
gene-KQ76_RS11435	15108	19596	35260	11703
gene-KQ76_RS11440	6858	8618	11119	3766
gene-KQ76_RS11445	3604	4214	5359	1661
gene-KQ76_RS11450	12305	15828	28533	8552
gene-KQ76_RS11455	21768	26686	49451	13520
gene-KQ76_RS11460	11387	12196	21226	5898
gene-KQ76_RS11465	8419	9199	14213	4466
gene-KQ76_RS11470	31191	31827	71062	16692
gene-KQ76_RS11475	4220	4256	7943	1628
gene-KQ76_RS11480	12188	11835	28437	5884
gene-KQ76_RS11485	11180	10054	21505	4513
gene-KQ76_RS11490	4383	4028	7798	2038
gene-KQ76_RS11495	1772	17964	1340	5246
gene-KQ76_RS11500	12933	3104	19883	1380
gene-KQ76_RS11505	2001	389	2874	113
gene-KQ76_RS11510	1	0	0	0
gene-KQ76_RS11515	1063	401	897	126
gene-KQ76_RS11520	3087	2826	3726	999
gene-KQ76_RS11525	175	170	205	97
gene-KQ76_RS11530	161	243	269	65
gene-KQ76_RS11535	242	215	543	48
gene-KQ76_RS11540	6098	1816	5355	793
gene-KQ76_RS11545	2959	4059	3184	1597
gene-KQ76_RS11550	177	238	332	129
gene-KQ76_RS11555	292	97	311	26
gene-KQ76_RS11560	33	29	23	24
gene-KQ76_RS11565	211	196	290	56
gene-KQ76_RS11570	266	642	293	193
gene-KQ76_RS11575	0	2	0	0
gene-KQ76_RS11585	2758	521	3417	137
gene-KQ76_RS11590	1028	353	1251	126
gene-KQ76_RS11595	197	74	172	16
gene-KQ76_RS11600	748	246	925	72
gene-KQ76_RS11605	587	90	704	35
gene-KQ76_RS11610	3725	740	5379	308
gene-KQ76_RS11615	650	700	1143	227
gene-KQ76_RS11620	962	307	1177	55
gene-KQ76_RS11625	997	734	1114	144
gene-KQ76_RS11630	940	81	900	34
gene-KQ76_RS11635	699	40	540	23
gene-KQ76_RS11640	325	771	208	438
gene-KQ76_RS11645	521	1809	619	757
gene-KQ76_RS11650	230	6	314	5
gene-KQ76_RS11655	153	35	203	16
gene-KQ76_RS11660	412	94	529	30
gene-KQ76_RS11665	398	347	301	164
gene-KQ76_RS11670	587	456	871	220
gene-KQ76_RS11675	54	362	61	150
gene-KQ76_RS11680	2	244	13	193
gene-KQ76_RS11685	19	449	25	207
gene-KQ76_RS11690	133	1526	279	657
gene-KQ76_RS11695	76	294	87	154
gene-KQ76_RS11700	98	327	157	122
gene-KQ76_RS11705	132	260	134	103
gene-KQ76_RS11710	272	468	331	194
gene-KQ76_RS11715	1661	1242	2319	537
gene-KQ76_RS11725	663	692	795	195
gene-KQ76_RS11730	26	5	19	1
gene-KQ76_RS11735	60	9	101	6
gene-KQ76_RS11740	1213	512	1341	216
gene-KQ76_RS11745	36	5	7	3
gene-KQ76_RS11750	839	76	833	43
gene-KQ76_RS11755	592	53	457	28
gene-KQ76_RS11760	206	236	308	72
gene-KQ76_RS11765	156	310	223	99
gene-KQ76_RS11775	13359	8689	22178	5478
gene-KQ76_RS11780	1341	719	1965	287
gene-KQ76_RS11790	693	63	692	27
gene-KQ76_RS11795	9	2	8	0
gene-KQ76_RS11800	1526	156	1621	58
gene-KQ76_RS11805	6138	944	8064	316
gene-KQ76_RS11810	3994	5681	4464	2717
gene-KQ76_RS11815	437	650	593	325
gene-KQ76_RS11820	1133	2436	1223	1670
gene-KQ76_RS11825	20	2	15	1
gene-KQ76_RS11830	0	4	0	1
gene-KQ76_RS11835	2481	2033	3077	521
gene-KQ76_RS11840	7028	2846	10589	1129
gene-KQ76_RS11845	282	392	377	240
gene-KQ76_RS11850	192	52	236	21
gene-KQ76_RS11855	240	167	336	86
gene-KQ76_RS11860	539	210	845	69
gene-KQ76_RS11865	114	381	172	280
gene-KQ76_RS11870	635	129	580	60
gene-KQ76_RS11875	11115	412	28177	170
gene-KQ76_RS11880	7	3	17	1
gene-KQ76_RS11885	3516	4790	3486	2647
gene-KQ76_RS11890	2082	136	3311	95
gene-KQ76_RS11895	414	145	458	32
gene-KQ76_RS11900	608	321	835	182
gene-KQ76_RS11905	399	230	766	128
gene-KQ76_RS11910	15888	478	5427	92
gene-KQ76_RS11915	17644	2731	6860	106
gene-KQ76_RS11920	379	7	472	0
gene-KQ76_RS11925	16	0	16	0
gene-KQ76_RS11930	1066	486	1468	200
gene-KQ76_RS11935	651	652	564	138
gene-KQ76_RS11940	1330	126	2123	60
gene-KQ76_RS11945	119	157	197	85
gene-KQ76_RS11955	669	870	866	305
gene-KQ76_RS11960	119	135	165	74
gene-KQ76_RS11965	2440	63	2023	22
gene-KQ76_RS11970	393	18	416	3
gene-KQ76_RS11975	1126	117	1552	27
gene-KQ76_RS11980	25	14	55	13
gene-KQ76_RS11985	285	80	182	48
gene-KQ76_RS11990	1986	264	2878	68
gene-KQ76_RS11995	337	89	412	17
gene-KQ76_RS12000	222	413	224	527
gene-KQ76_RS12005	285	216	358	110
gene-KQ76_RS12010	2711	239	3832	88
gene-KQ76_RS12015	441	1201	518	418
gene-KQ76_RS12020	4428	2731	5390	1197
gene-KQ76_RS12025	595	1466	678	760
gene-KQ76_RS12030	61	58	77	53
gene-KQ76_RS12035	0	1	2	1
gene-KQ76_RS12040	173	45	199	20
gene-KQ76_RS12045	0	0	0	0
gene-KQ76_RS12050	633	111	686	35
gene-KQ76_RS12060	375	591	490	132
gene-KQ76_RS12065	202	70	244	35
gene-KQ76_RS12070	608	131	332	61
gene-KQ76_RS12075	761	91	411	66
gene-KQ76_RS12080	184	119	340	77
gene-KQ76_RS12085	929	365	1131	103
gene-KQ76_RS12090	26	10	18	0
gene-KQ76_RS12095	97	19	129	7
gene-KQ76_RS12100	87	461	52	195
gene-KQ76_RS12105	125	12731	205	4454
gene-KQ76_RS12110	604	19060	726	7111
gene-KQ76_RS12115	8687	612	10033	130
gene-KQ76_RS12120	81687	6210	169545	1551
gene-KQ76_RS12125	2250	4006	3883	1388
gene-KQ76_RS12130	10282	5823	12984	2838
gene-KQ76_RS12135	199	16	310	4
gene-KQ76_RS12140	1620	1733	2278	564
gene-KQ76_RS12145	596	112	753	52
gene-KQ76_RS12150	750	73	748	29
gene-KQ76_RS12155	0	0	0	0
gene-KQ76_RS12160	585	894	486	444
gene-KQ76_RS12170	123	14861	87	7647
gene-KQ76_RS12175	318	668	349	363
gene-KQ76_RS12180	628	831	568	334
gene-KQ76_RS12185	3142	139	7403	42
gene-KQ76_RS12190	320	118	317	30
gene-KQ76_RS12195	894	166	880	31
gene-KQ76_RS12200	2	4	0	1
gene-KQ76_RS12205	4775	25918	5124	15250
gene-KQ76_RS12210	3887	963	4675	514
gene-KQ76_RS12215	68	124	99	27
gene-KQ76_RS12220	2617	1441	3960	905
gene-KQ76_RS12225	688	530	784	525
gene-KQ76_RS12230	22133	81	30085	46
gene-KQ76_RS12235	11	8	16	6
gene-KQ76_RS12240	23	17	24	3
gene-KQ76_RS12245	8170	254	8624	63
gene-KQ76_RS12250	14883	603	16862	249
gene-KQ76_RS12255	9890	705	12051	632
gene-KQ76_RS12260	8414	160	9582	74
gene-KQ76_RS12265	8346	11	8307	5
gene-KQ76_RS12270	45129	47	57402	20
gene-KQ76_RS12275	78103	71	97099	53
gene-KQ76_RS12280	22900	81	36560	30
gene-KQ76_RS12285	4962	12	6236	6
gene-KQ76_RS12290	38006	123	59662	72
gene-KQ76_RS12295	2365	72	3150	28
gene-KQ76_RS12300	161	766	207	335
gene-KQ76_RS12305	1473	770	1751	436
gene-KQ76_RS12310	2	3	0	1
gene-KQ76_RS12315	30	202	62	213
gene-KQ76_RS12320	342	18	282	12
gene-KQ76_RS12325	294	485	365	425
gene-KQ76_RS12330	175	293	162	308
gene-KQ76_RS12335	5	4	2	1
gene-KQ76_RS12340	407	396	627	96
gene-KQ76_RS12345	181	222	340	39
gene-KQ76_RS12350	1320	1291	1630	670
gene-KQ76_RS12355	6111	2355	8982	842
gene-KQ76_RS12360	5832	2871	9676	905
gene-KQ76_RS12365	2120	909	3663	566
gene-KQ76_RS12370	313	432	658	121
gene-KQ76_RS12375	21	14	75	7
gene-KQ76_RS12380	815	5958	2733	1542
gene-KQ76_RS12385	217	115	238	52
gene-KQ76_RS12390	5	0	2	0
gene-KQ76_RS12395	10393	58915	14474	23492
gene-KQ76_RS12405	5328	19855	6071	10048
gene-KQ76_RS12410	1112	3426	1525	1492
gene-KQ76_RS12415	1248	4115	1707	1970
gene-KQ76_RS12420	6	6	3	2
gene-KQ76_RS12425	5	0	0	0
gene-KQ76_RS12430	35	5	23	5
gene-KQ76_RS12435	27	9	21	1
gene-KQ76_RS12440	3	3	8	0
gene-KQ76_RS12445	2	1	3	1
gene-KQ76_RS12450	0	0	0	0
gene-KQ76_RS12460	39	33	24	16
gene-KQ76_RS12465	34	1	35	3
gene-KQ76_RS12475	178	932	76	356
gene-KQ76_RS12480	4	1	5	0
gene-KQ76_RS12485	3662	6150	5209	5716
gene-KQ76_RS12490	4693	7248	5511	3642
gene-KQ76_RS12495	2617	620	3779	161
gene-KQ76_RS12500	7	3	10	1
gene-KQ76_RS12505	2234	3206	4409	1157
gene-KQ76_RS12510	37	66	50	35
gene-KQ76_RS12515	2420	103	2567	32
gene-KQ76_RS12520	1117	310	1380	113
gene-KQ76_RS12530	994	2055	1570	1001
gene-KQ76_RS12540	576	681	726	150
gene-KQ76_RS12545	1996	26193	1959	14592
gene-KQ76_RS12555	608	2555	1037	912
gene-KQ76_RS12560	1248	3385	1405	1654
gene-KQ76_RS12565	230	311	205	174
gene-KQ76_RS12570	198	203	188	79
gene-KQ76_RS12575	79	60	101	21
gene-KQ76_RS12580	108	64	114	27
gene-KQ76_RS12595	222	1110	244	573
gene-KQ76_RS12600	99	268	135	70
gene-KQ76_RS12605	4884	1982	5862	1718
gene-KQ76_RS12610	554	583	853	208
gene-KQ76_RS12615	27	6	24	10
gene-KQ76_RS12620	4	38	2	8
gene-KQ76_RS12625	2233	29362	2930	14732
gene-KQ76_RS12630	245	91	295	62
gene-KQ76_RS12635	238	128	342	121
gene-KQ76_RS12645	1488	2527	2932	1699
gene-KQ76_RS12650	1073	497	1125	209
gene-KQ76_RS12655	117	39	130	13
gene-KQ76_RS12660	388	96	503	69
gene-KQ76_RS12665	59	5	58	13
gene-KQ76_RS12670	41	1	31	0
gene-KQ76_RS12675	48	2	46	6
gene-KQ76_RS12680	187	8	171	5
gene-KQ76_RS12685	1120	57	1448	11
gene-KQ76_RS12690	27	1	34	2
gene-KQ76_RS12695	11	1	13	0
gene-KQ76_RS12700	14	6	13	4
gene-KQ76_RS12705	75	92	92	32
gene-KQ76_RS12710	29	51	35	28
gene-KQ76_RS12715	2359	2657	2895	1440
gene-KQ76_RS12720	3	72	4	35
gene-KQ76_RS12725	1	0	0	0
gene-KQ76_RS12730	7	3	6	1
gene-KQ76_RS12735	23	15	39	5
gene-KQ76_RS12740	3	1	2	0
gene-KQ76_RS12750	1609	6845	1668	4337
gene-KQ76_RS12755	2191	6418	2445	2846
gene-KQ76_RS12760	342	219	472	111
gene-KQ76_RS12765	17	8	19	2
gene-KQ76_RS12770	20823	16630	31444	2065
gene-KQ76_RS12775	5	0	2	3
gene-KQ76_RS12780	160	247	180	86
gene-KQ76_RS12785	81	42	81	13
gene-KQ76_RS12790	125	29	129	6
gene-KQ76_RS12795	1732	60	1490	22
gene-KQ76_RS12800	88	86	73	68
gene-KQ76_RS12805	937	95	963	73
gene-KQ76_RS12810	106	1045	132	1396
gene-KQ76_RS12815	21	18	56	2
gene-KQ76_RS12820	1092	113	1409	38
gene-KQ76_RS12825	186	346	287	113
gene-KQ76_RS12830	1372	10763	2351	3468
gene-KQ76_RS12835	0	0	0	0
gene-KQ76_RS12845	6224	124	20144	51
gene-KQ76_RS12850	2023	24	6036	6
gene-KQ76_RS12855	638	62	2621	18
gene-KQ76_RS12860	1808	246	2436	44
gene-KQ76_RS12865	375	912	457	297
gene-KQ76_RS12870	163	282	210	128
gene-KQ76_RS12875	826	1217	1207	620
gene-KQ76_RS12880	40703	201	63444	141
gene-KQ76_RS12885	709	765	803	209
gene-KQ76_RS12890	58	36	76	22
gene-KQ76_RS12895	36	45	52	33
gene-KQ76_RS12900	651	2534	1009	689
gene-KQ76_RS12905	788	380	1535	162
gene-KQ76_RS12910	888	358	1596	114
gene-KQ76_RS12915	13513	4934	16426	1862
gene-KQ76_RS12920	679	96	1076	52
gene-KQ76_RS12925	66	189	76	99
gene-KQ76_RS12930	31	161	37	97
gene-KQ76_RS12935	178	1084	167	742
gene-KQ76_RS12940	350	561	210	406
gene-KQ76_RS12945	427	1113	588	563
gene-KQ76_RS12950	1106	6052	1157	4072
gene-KQ76_RS12955	3594	2442	5017	545
gene-KQ76_RS12970	92	53	182	15
gene-KQ76_RS12975	1225	2512	1654	1080
gene-KQ76_RS12980	765	632	2070	428
gene-KQ76_RS12985	36	0	55	1
gene-KQ76_RS12990	1	0	0	0
gene-KQ76_RS12995	716	339	1100	112
gene-KQ76_RS13000	110	36	135	13
gene-KQ76_RS13005	349	94	373	47
gene-KQ76_RS13010	6	50	11	145
gene-KQ76_RS13015	456	82	744	102
gene-KQ76_RS13020	7414	9741	9030	5411
gene-KQ76_RS13025	1186	4763	1511	2868
gene-KQ76_RS13030	460	2987	509	870
gene-KQ76_RS13035	20795	343	31397	130
gene-KQ76_RS13040	1346	693	1028	202
gene-KQ76_RS13045	61	33	49	29
gene-KQ76_RS13050	10	3	12	4
gene-KQ76_RS13055	64	20	59	12
gene-KQ76_RS13060	44423	85105	30910	58816
gene-KQ76_RS13065	48	110	71	47
gene-KQ76_RS13070	1899	741	2741	403
gene-KQ76_RS13075	8041	22922	11702	9665
gene-KQ76_RS13080	1283	4357	1833	2298
gene-KQ76_RS13085	522	10256	614	5311
gene-KQ76_RS13090	8	5	5	0
gene-KQ76_RS13095	87	42	77	21
gene-KQ76_RS13100	4	3	1	7
gene-KQ76_RS13105	134	98	162	59
gene-KQ76_RS13110	485	95	423	27
gene-KQ76_RS13115	100	22	149	13
gene-KQ76_RS13120	35636	5244	55043	1999
gene-KQ76_RS13125	1243	1788	1653	1086
gene-KQ76_RS13130	2739	7329	2668	4843
gene-KQ76_RS13135	7766	26428	6625	7044
gene-KQ76_RS13140	691	3217	568	1978
gene-KQ76_RS13145	3342	657	4651	298
gene-KQ76_RS13150	3586	1351	5800	493
gene-KQ76_RS13155	191	19	247	20
gene-KQ76_RS13160	60	18	51	5
gene-KQ76_RS13165	70	2	80	2
gene-KQ76_RS13170	36	7	61	13
gene-KQ76_RS13175	4	4	2	1
gene-KQ76_RS13180	258	207	225	163
gene-KQ76_RS13185	1403	113	787	78
gene-KQ76_RS13190	6168	2452	3897	1470
gene-KQ76_RS13195	1456	564	3973	231
gene-KQ76_RS13205	177	223	298	77
gene-KQ76_RS13215	32	261	17	204
gene-KQ76_RS13220	174	463	158	243
gene-KQ76_RS13225	149	554	151	286
gene-KQ76_RS13230	33	400	30	250
gene-KQ76_RS13235	92	171	105	49
gene-KQ76_RS13240	208	191	235	65
gene-KQ76_RS13245	507	347	606	145
gene-KQ76_RS13250	408	238	563	139
gene-KQ76_RS13255	63	54	68	33
gene-KQ76_RS13260	20	2	10	3
gene-KQ76_RS13265	9	10	12	5
gene-KQ76_RS13270	11	0	5	0
gene-KQ76_RS13275	222	12	202	7
gene-KQ76_RS13280	118	4	60	0
gene-KQ76_RS13285	62	54	120	19
gene-KQ76_RS13290	1462	128	1409	72
gene-KQ76_RS13295	912	2397	938	1489
gene-KQ76_RS13300	167	80	205	22
gene-KQ76_RS13305	10743	9711	10137	5497
gene-KQ76_RS13310	164	514	157	198
gene-KQ76_RS13320	438	10433	630	5563
gene-KQ76_RS13325	900	2095	1076	1116
gene-KQ76_RS13330	1336	2828	2018	1523
gene-KQ76_RS13335	1098	7516	2139	4388
gene-KQ76_RS13340	1095	1074	1649	629
gene-KQ76_RS13345	1409	333	2025	124
gene-KQ76_RS13350	9807	4147	17609	1157
gene-KQ76_RS13360	8369	2057	19042	679
gene-KQ76_RS13365	2817	5613	4655	3021
gene-KQ76_RS13370	0	0	0	0
gene-KQ76_RS13375	31212	111628	40397	62983
gene-KQ76_RS13380	113630	169285	203976	53461
gene-KQ76_RS13390	3022	3704	4460	1147
gene-KQ76_RS13395	81	52	128	15
gene-KQ76_RS13400	86	183	62	37
gene-KQ76_RS13405	175	244	370	106
gene-KQ76_RS13410	221	94	477	43
gene-KQ76_RS13415	0	0	0	0
gene-KQ76_RS13420	130	519	165	113
gene-KQ76_RS13425	210	253	348	150
gene-KQ76_RS13430	0	0	0	0
gene-KQ76_RS13435	0	0	0	1
gene-KQ76_RS13440	354	70	120	24
gene-KQ76_RS13445	659	61	281	28
gene-KQ76_RS13450	107	31	163	21
gene-KQ76_RS13455	57	23	64	11
gene-KQ76_RS13460	549	221	776	116
gene-KQ76_RS13465	646	179	830	76
gene-KQ76_RS13470	2	1	2	1
gene-KQ76_RS13475	219	389	438	193
gene-KQ76_RS13480	17	28	41	6
gene-KQ76_RS13485	4	13	25	6
gene-KQ76_RS13495	611	119	909	53
gene-KQ76_RS13500	220	99	313	52
gene-KQ76_RS13505	413	275	441	117
gene-KQ76_RS13510	375	656	355	297
gene-KQ76_RS13515	103	235	70	129
gene-KQ76_RS13525	8	6	13	0
gene-KQ76_RS13530	1129	1893	1253	792
gene-KQ76_RS13535	967	2424	1386	1446
gene-KQ76_RS13540	3062	816	6198	357
gene-KQ76_RS13545	4835	4975	5162	1678
gene-KQ76_RS13550	6823	6820	10259	2846
gene-KQ76_RS13555	7843	7098	11143	2911
gene-KQ76_RS13560	5102	5890	7584	2386
gene-KQ76_RS13565	5372	9014	8056	4176
gene-KQ76_RS13570	0	0	0	0
gene-KQ76_RS13575	13	70	8	31
gene-KQ76_RS13580	522	593	991	305
gene-KQ76_RS13585	483	2749	331	664
gene-KQ76_RS13590	303	142	379	83
gene-KQ76_RS13595	727	82	1037	23
gene-KQ76_RS13600	2489	1310	8625	768
gene-KQ76_RS13605	2157	595	5806	245
gene-KQ76_RS13610	5314	548	8121	188
gene-KQ76_RS13615	11216	5220	19490	1608
gene-KQ76_RS13620	4492	7020	5230	2683
gene-KQ76_RS13625	4843	13440	6442	4135
gene-KQ76_RS13630	1746	182	2005	85
gene-KQ76_RS13635	1242	154	1487	58
gene-KQ76_RS13640	861	279	1000	81
gene-KQ76_RS13645	216	46	247	13
gene-KQ76_RS13650	352	90	385	45
gene-KQ76_RS13655	200	35	256	14
gene-KQ76_RS13660	47	8	41	0
gene-KQ76_RS13665	11473	1236	14482	372
gene-KQ76_RS13670	1856	929	1027	496
gene-KQ76_RS13685	42	7	30	2
gene-KQ76_RS13690	50	26	87	12
gene-KQ76_RS13695	132	22	238	16
gene-KQ76_RS13700	26	0	28	0
gene-KQ76_RS13705	41	38	40	20
gene-KQ76_RS13710	23	12	28	3
gene-KQ76_RS13715	8	3	14	3
gene-KQ76_RS13720	1	1	0	0
gene-KQ76_RS13725	360	143	342	19
gene-KQ76_RS13730	6	9	3	3
gene-KQ76_RS13735	0	4	3	1
gene-KQ76_RS13740	5	6	9	5
gene-KQ76_RS13745	9	10	12	3
gene-KQ76_RS13750	32579	4603	58630	1284
gene-KQ76_RS13770	101	27	148	10
gene-KQ76_RS13775	59	15	50	5
gene-KQ76_RS13780	57	15	94	13
gene-KQ76_RS13785	128	37	177	20
gene-KQ76_RS13790	124	13	145	7
gene-KQ76_RS13795	21	2	10	3
gene-KQ76_RS13800	3	1	5	0
gene-KQ76_RS13805	270	473	363	155
gene-KQ76_RS13810	19	0	27	0
gene-KQ76_RS13815	75	10	42	2
gene-KQ76_RS13820	83	10	93	2
gene-KQ76_RS13825	22	35	67	7
gene-KQ76_RS13830	92	101	284	41
gene-KQ76_RS13835	139	550	144	288
gene-KQ76_RS13840	284	46	220	23
gene-KQ76_RS13845	278	310	273	92
gene-KQ76_RS13850	612	1073	1162	953
gene-KQ76_RS13855	300	283	517	245
gene-KQ76_RS13860	7920	5898	7702	2976
gene-KQ76_RS13865	8137	2414	15564	1153
gene-KQ76_RS13870	272	303	385	109
gene-KQ76_RS13875	4	0	16	0
gene-KQ76_RS13880	238	107	300	23
gene-KQ76_RS13885	2523	14642	2884	9373
gene-KQ76_RS13890	40	28	35	9
gene-KQ76_RS13895	31	233	42	110
gene-KQ76_RS13900	89	583	73	188
gene-KQ76_RS13905	12	75	13	30
gene-KQ76_RS13910	60	233	87	124
gene-KQ76_RS13915	107	16	93	5
gene-KQ76_RS13920	283	15	432	0
gene-KQ76_RS13925	354	28	471	10
gene-KQ76_RS13930	1174	618	1269	200
gene-KQ76_RS13935	209	13	312	2
gene-KQ76_RS13940	46	23	73	22
gene-KQ76_RS13945	13	38	14	25
gene-KQ76_RS13955	1803	8119	2758	3553
gene-KQ76_RS13960	868	209	1163	88
gene-KQ76_RS13965	1851	401	2409	154
gene-KQ76_RS13970	672	229	726	84
gene-KQ76_RS13975	23	16	13	3
gene-KQ76_RS13980	129	339	68	127
gene-KQ76_RS13985	0	0	0	0
gene-KQ76_RS13990	0	0	0	0
gene-KQ76_RS13995	0	0	0	0
gene-KQ76_RS14000	0	0	0	0
gene-KQ76_RS14005	0	0	0	0
gene-KQ76_RS14010	0	0	0	0
gene-KQ76_RS14015	0	0	0	0
gene-KQ76_RS14020	0	0	0	0
gene-KQ76_RS14025	0	0	0	0
gene-KQ76_RS14030	0	0	0	0
gene-KQ76_RS14035	0	0	0	0
gene-KQ76_RS14040	0	0	0	0
gene-KQ76_RS14045	0	0	0	0
gene-KQ76_RS14060	0	0	0	0
gene-KQ76_RS14070	0	0	0	0
gene-KQ76_RS14075	0	0	0	0
gene-KQ76_RS14080	0	0	0	0
gene-KQ76_RS14085	0	0	0	0
gene-KQ76_RS14095	0	0	0	0
gene-KQ76_RS14100	0	0	0	0
gene-KQ76_RS14105	0	0	0	0
gene-KQ76_RS14110	0	0	0	0
gene-KQ76_RS14115	0	0	0	0
gene-KQ76_RS14120	0	0	0	0
gene-KQ76_RS14145	0	0	0	0
gene-KQ76_RS14175	1	1	2	0
gene-KQ76_RS14235	0	0	0	0
gene-KQ76_RS14240	59	14	93	5
gene-KQ76_RS14265	4	5	2	0
gene-KQ76_RS14285	0	0	0	0
gene-KQ76_RS14290	68	96	101	36
gene-KQ76_RS14295	10008	73587	9132	8534
gene-KQ76_RS14310	261	69	192	30
gene-KQ76_RS14380	331981	799536	326183	471564
gene-KQ76_RS14405	182	296	331	147
gene-KQ76_RS14410	12	18	44	82
gene-KQ76_RS14415	14	13	11	21
gene-KQ76_RS14475	1	1	2	0
gene-KQ76_RS14485	0	0	0	0
gene-KQ76_RS14495	0	4	0	0
gene-KQ76_RS14505	30	48	27	80
gene-KQ76_RS14535	86744	176701	49008	101474
gene-KQ76_RS14545	22	110	38	43
gene-KQ76_RS14560	13939	52906	6069	11750
gene-KQ76_RS14565	326	2451	196	550
gene-KQ76_RS14585	15	17	24	5
gene-KQ76_RS14590	8	2	8	2
gene-KQ76_RS14600	22	9	13	10
gene-KQ76_RS14645	0	0	0	0
gene-KQ76_RS14695	71	72	34	10
gene-KQ76_RS14715	0	2	0	1
gene-KQ76_RS14720	61	9	37	5
gene-KQ76_RS14750	1	0	0	0
gene-KQ76_RS14800	0	2	0	0
gene-KQ76_RS14805	37	942	56	735
gene-KQ76_RS14850	0	0	0	0
gene-KQ76_RS14860	0	1	1	1
gene-KQ76_RS14865	3	0	6	1
gene-KQ76_RS14875	3	2	1	1
gene-KQ76_RS14880	0	0	1	2
gene-KQ76_RS14885	0	0	1	0
gene-KQ76_RS14890	2	1	0	1
gene-KQ76_RS14895	11	1	4	0
gene-KQ76_RS14905	340	15	488	3
gene-KQ76_RS14915	2910	1516	2859	916
gene-KQ76_RS14920	2226	686	2149	368
gene-KQ76_RS14950	2	7	1	6
gene-KQ76_RS14960	312	880	287	482
gene-KQ76_RS14965	6	1	2	3
gene-KQ76_RS14970	330	261	495	26
gene-KQ76_RS14980	2	0	1	0
gene-KQ76_RS15000	4	1	5	1
gene-KQ76_RS15015	0	0	0	0
gene-KQ76_RS15020	0	1	0	0
gene-KQ76_RS15025	0	1	0	1
gene-KQ76_RS15050	0	0	0	0
gene-KQ76_RS15055	0	0	0	0
gene-KQ76_RS15060	1	3	0	7
gene-KQ76_RS15065	21	14	15	6
gene-KQ76_RS15070	1	0	0	0
gene-KQ76_RS15080	19	1	18	6
gene-KQ76_RS15085	648	107	675	27
gene-KQ76_RS15090	118	1	140	0
gene-KQ76_RS15100	0	0	0	0
gene-KQ76_RS15105	59	41	37	37
gene-KQ76_RS15110	154	133	159	109
gene-KQ76_RS15115	1	0	3	0
gene-KQ76_RS15120	0	1	0	2
gene-KQ76_RS15125	6378	4844	10013	1797
gene-KQ76_RS15130	3175	4546	4864	2000
gene-KQ76_RS15135	70	107	51	28
gene-KQ76_RS15140	173	183	80	31
gene-KQ76_RS15145	183	132	245	37
gene-KQ76_RS15150	0	0	0	0
gene-KQ76_RS15155	41	10	40	5
gene-KQ76_RS15160	0	0	0	0
gene-KQ76_RS15165	0	0	0	0
gene-KQ76_RS15170	10	35	16	14
gene-KQ76_RS15175	0	0	0	0
gene-KQ76_RS15180	3	0	3	0
gene-KQ76_RS15185	0	0	2	0
gene-KQ76_RS15190	49	1	41	2
gene-KQ76_RS15195	9	0	7	0
gene-KQ76_RS15200	0	0	0	0
gene-KQ76_RS15205	0	0	0	0
gene-KQ76_RS15210	0	0	0	0
gene-KQ76_RS15215	7	5	4	0
gene-KQ76_RS15220	124	173	123	205
gene-KQ76_RS15225	5	2	2	2
gene-KQ76_RS15230	0	0	0	0
gene-KQ76_RS15235	57	39	37	10
gene-KQ76_RS15240	1359	3244	412	1952
gene-KQ76_RS15245	88	0	90	4
gene-KQ76_RS15250	317	144	346	65
gene-KQ76_RS15255	0	0	0	0
